"Patch","A_Files","B_Files"
"0001-base-allocator-com-1.patch","base/allocator/partition_allocator/src/partition_alloc/address_space_randomization.cc;base/allocator/partition_allocator/src/partition_alloc/address_space_randomization.h;base/allocator/partition_allocator/src/partition_alloc/page_allocator_internals_win.h","base/allocator/partition_allocator/src/partition_alloc/address_space_randomization.cc;base/allocator/partition_allocator/src/partition_alloc/address_space_randomization.h;base/allocator/partition_allocator/src/partition_alloc/page_allocator_internals_win.h"
"0002-base-allocator-com-2.patch","base/allocator/partition_allocator/src/partition_alloc/partition_alloc_base/rand_util_win.cc;base/rand_util_win.cc","base/allocator/partition_allocator/src/partition_alloc/partition_alloc_base/rand_util_win.cc;base/rand_util_win.cc"
"0003-base-allocator-com-3.patch","base/allocator/partition_allocator/src/partition_alloc/partition_address_space.cc;base/allocator/partition_allocator/src/partition_alloc/partition_address_space.h;base/allocator/partition_allocator/src/partition_alloc/partition_alloc_config.h","base/allocator/partition_allocator/src/partition_alloc/partition_address_space.cc;base/allocator/partition_allocator/src/partition_alloc/partition_address_space.h;base/allocator/partition_allocator/src/partition_alloc/partition_alloc_config.h"
"0004-base-allocator-com.patch","base/allocator/partition_allocator/src/partition_alloc/internal_allocator.cc","base/allocator/partition_allocator/src/partition_alloc/internal_allocator.cc"
"0005-base-allocator-partalloc.patch","base/allocator/partition_allocator/src/partition_alloc/partition_alloc_base/time/time_win.cc;base/time/time_win.cc","base/allocator/partition_allocator/src/partition_alloc/partition_alloc_base/time/time_win.cc;base/time/time_win.cc"
"0006-base-allocator-srwlock.patch","base/allocator/partition_allocator/src/partition_alloc/spinning_mutex.cc;base/allocator/partition_allocator/src/partition_alloc/spinning_mutex.h","base/allocator/partition_allocator/src/partition_alloc/spinning_mutex.cc;base/allocator/partition_allocator/src/partition_alloc/spinning_mutex.h"
"0007-base-allocator-tls.patch","base/allocator/partition_allocator/src/partition_alloc/partition_alloc_config.h","base/allocator/partition_allocator/src/partition_alloc/partition_alloc_config.h"
"0008-base-base_paths_win.cc-com.patch","base/base_paths_win.cc;base/process/launch_win.cc","base/base_paths_win.cc;base/process/launch_win.cc"
"0009-base-BUILD.gn-com-1.patch","base/BUILD.gn;build/config/win/BUILD.gn","base/BUILD.gn;build/config/win/BUILD.gn"
"0010-base-BUILD.gn-com.patch","base/BUILD.gn;base/win/win_util.cc;base/win/win_util.h;ui/display/BUILD.gn;ui/display/win/screen_win.cc;ui/display/win/screen_win.h;ui/views/win/hwnd_message_handler.cc","base/BUILD.gn;base/win/win_util.cc;base/win/win_util.h;ui/display/BUILD.gn;ui/display/win/screen_win.cc;ui/display/win/screen_win.h;ui/views/win/hwnd_message_handler.cc"
"0011-base-BUILD.gn-winrt-1.patch","base/BUILD.gn;base/win/core_winrt_util.cc;base/win/core_winrt_util.h;base/win/map_unittest.cc;base/win/win_util.cc;chrome/browser/device_reauth/win/authenticator_win.cc;chrome/browser/enterprise/platform_auth/cloud_ap_provider_win.cc;chrome/browser/notifications/notification_platform_bridge_win.cc;chrome/browser/notifications/win/notification_metrics.h;chrome/browser/webshare/win/scoped_fake_data_transfer_manager_interop.cc;chrome/browser/webshare/win/share_operation.cc;chrome/browser/webshare/win/share_operation.h;chrome/browser/webshare/win/show_share_ui_for_window_operation.cc;components/embedder_support/user_agent_utils_unittest.cc;components/system_media_controls/win/system_media_controls_win.cc;content/browser/installedapp/native_win_app_fetcher_impl.cc;device/bluetooth/bluetooth_adapter_winrt.cc;media/capture/video/win/video_capture_device_factory_win.cc;media/midi/midi_manager_winrt.cc;services/device/geolocation/win/location_provider_winrt.cc;services/shape_detection/face_detection_provider_win.cc;services/shape_detection/text_detection_impl_win.cc;ui/base/ime/win/on_screen_keyboard_display_manager_input_pane.cc;ui/display/win/uwp_text_scale_factor.cc;ui/native_theme/caption_style_win.cc;ui/views/win/pen_id_handler.cc;chrome/browser/metrics/key_credential_manager_support_reporter_win.cc;device/fido/win/util.cc;base/win/limited_access_features.cc;chrome/browser/permissions/system/system_media_source_win.cc;crypto/user_verifying_key_win.cc","base/BUILD.gn;base/win/core_winrt_util.cc;base/win/core_winrt_util.h;base/win/core_winrt_util_unittest.cc;base/win/map_unittest.cc;base/win/win_util.cc;chrome/browser/device_reauth/win/authenticator_win.cc;chrome/browser/enterprise/platform_auth/cloud_ap_provider_win.cc;chrome/browser/notifications/notification_platform_bridge_win.cc;chrome/browser/notifications/win/notification_metrics.h;chrome/browser/webshare/win/scoped_fake_data_transfer_manager_interop.cc;chrome/browser/webshare/win/share_operation.cc;chrome/browser/webshare/win/share_operation.h;chrome/browser/webshare/win/show_share_ui_for_window_operation.cc;components/embedder_support/user_agent_utils_unittest.cc;components/system_media_controls/win/system_media_controls_win.cc;content/browser/installedapp/native_win_app_fetcher_impl.cc;device/bluetooth/bluetooth_adapter_winrt.cc;media/capture/video/win/video_capture_device_factory_win.cc;media/midi/midi_manager_winrt.cc;services/device/geolocation/win/location_provider_winrt.cc;services/shape_detection/face_detection_provider_win.cc;services/shape_detection/text_detection_impl_win.cc;ui/base/ime/win/on_screen_keyboard_display_manager_input_pane.cc;ui/display/win/uwp_text_scale_factor.cc;ui/native_theme/caption_style_win.cc;ui/views/win/pen_id_handler.cc;chrome/browser/metrics/key_credential_manager_support_reporter_win.cc;device/fido/win/util.cc;base/win/limited_access_features.cc;chrome/browser/permissions/system/system_media_source_win.cc;crypto/user_verifying_key_win.cc"
"0012-base-BUILD.gn-winrt-2.patch","base/BUILD.gn;base/win/hstring_compare_unittest.cc;base/win/hstring_reference.cc;base/win/hstring_reference.h;base/win/hstring_reference_unittest.cc;base/win/map_unittest.cc;components/embedder_support/user_agent_utils_unittest.cc;device/gamepad/wgi_data_fetcher_win.cc;device/gamepad/wgi_data_fetcher_win.h;ui/views/win/pen_id_handler.cc;base/win/win_util.cc;base/win/limited_access_features.cc","base/BUILD.gn;base/win/hstring_compare_unittest.cc;base/win/hstring_reference.cc;base/win/hstring_reference.h;base/win/hstring_reference_unittest.cc;base/win/map_unittest.cc;components/embedder_support/user_agent_utils_unittest.cc;device/gamepad/wgi_data_fetcher_win.cc;device/gamepad/wgi_data_fetcher_win.h;ui/views/win/pen_id_handler.cc;base/win/win_util.cc;base/win/limited_access_features.cc"
"0013-base-BUILD.gn-winrt.patch","base/BUILD.gn;base/win/winrt_foundation_helpers.h","base/BUILD.gn;base/win/hstring_compare.cc;base/win/hstring_compare.h;base/win/hstring_compare_unittest.cc;base/win/winrt_foundation_helpers.h"
"0014-base-compiler_hardening_test.cc-com.patch","base/compiler_hardening_test.cc;build/config/BUILDCONFIG.gn;third_party/wuffs/BUILD.gn","base/compiler_hardening_test.cc;build/config/BUILDCONFIG.gn;third_party/wuffs/BUILD.gn"
"0015-base-debug-sandbox.patch","base/debug/invalid_access_win.cc;base/test/launcher/test_launcher.cc;base/test/launcher/unit_test_launcher.cc;base/test/launcher/unit_test_launcher.h","base/debug/invalid_access_win.cc;base/test/launcher/test_launcher.cc;base/test/launcher/unit_test_launcher.cc;base/test/launcher/unit_test_launcher.h"
"0016-base-debug.patch","base/debug/invalid_access_win.cc","base/debug/invalid_access_win.cc"
"0017-base-files-1.patch","base/files/file_util_win.cc","base/files/file_util_win.cc"
"0018-base-files-2.patch","base/files/file_util.cc","base/files/file_util.cc"
"0019-base-files-com.patch","base/files/file_util.h;base/files/file_util_win.cc","base/files/file_util.h;base/files/file_util_win.cc"
"0020-base-files-d3d.patch","base/files/file_enumerator_win.cc;base/win/shortcut.cc;chrome/installer/util/taskbar_util.cc;chrome/browser/download/download_status_updater_win.cc;chrome/browser/media/webrtc/webrtc_browsertest_base.cc;chrome/browser/media/webrtc/webrtc_browsertest_base.h;chrome/browser/win/parental_controls.cc;chrome/browser/shell_integration_win.cc;chrome/browser/ui/views/frame/browser_window_property_manager_win.cc;chrome/browser/taskbar/taskbar_decorator_win.cc;chrome/browser/web_applications/os_integration/web_app_shortcut_win.cc;device/gamepad/xinput_data_fetcher_win.cc;services/device/wake_lock/power_save_blocker/power_save_blocker_win.cc;media/capture/video/win/video_capture_device_factory_win.cc;rlz/test/rlz_test_helpers.cc;ui/base/win/shell.cc;ui/events/blink/web_input_event_builders_win_unittest.cc;ui/gl/vsync_provider_win.cc;ui/views/win/hwnd_message_handler.cc;ui/gfx/win/hwnd_util.cc;chrome/services/util_win/util_win_impl.cc;device/gamepad/gamepad_provider.cc;services/device/usb/usb_service_win.cc;services/device/hid/hid_service_win.cc","base/files/file_enumerator_win.cc;base/win/shortcut.cc;chrome/installer/util/taskbar_util.cc;chrome/browser/download/download_status_updater_win.cc;chrome/browser/media/webrtc/webrtc_browsertest_base.cc;chrome/browser/media/webrtc/webrtc_browsertest_base.h;chrome/browser/win/parental_controls.cc;chrome/browser/shell_integration_win.cc;chrome/browser/ui/views/frame/browser_window_property_manager_win.cc;chrome/browser/taskbar/taskbar_decorator_win.cc;chrome/browser/web_applications/os_integration/web_app_shortcut_win.cc;device/gamepad/xinput_data_fetcher_win.cc;services/device/wake_lock/power_save_blocker/power_save_blocker_win.cc;media/capture/video/win/video_capture_device_factory_win.cc;rlz/test/rlz_test_helpers.cc;ui/base/win/shell.cc;ui/events/blink/web_input_event_builders_win_unittest.cc;ui/gl/vsync_provider_win.cc;ui/views/win/hwnd_message_handler.cc;ui/gfx/win/hwnd_util.cc;chrome/services/util_win/util_win_impl.cc;device/gamepad/gamepad_provider.cc;services/device/usb/usb_service_win.cc;services/device/hid/hid_service_win.cc"
"0021-base-files-file-handle.patch","base/files/file_win.cc","base/files/file_win.cc"
"0022-base-files.patch","base/files/file_util.cc;base/files/file_util.h;base/files/file_util_win.cc","base/files/file_util.cc;base/files/file_util.h;base/files/file_util_win.cc"
"0023-base-memory-etw.patch","base/memory/platform_shared_memory_region_win.cc;base/win/win_util.cc","base/memory/platform_shared_memory_region_win.cc;base/win/win_util.cc"
"0024-base-memory.patch","base/memory/discardable_shared_memory.cc","base/memory/discardable_shared_memory.cc"
"0025-base-native_library_win.cc-com.patch","base/native_library_win.cc","base/native_library_win.cc"
"0026-base-power_monitor-com.patch","base/power_monitor/power_monitor_device_source.h;base/power_monitor/power_monitor_device_source_win.cc","base/power_monitor/power_monitor_device_source.h;base/power_monitor/power_monitor_device_source_win.cc"
"0027-base-power_monitor-etw.patch","base/power_monitor/cpu_frequency_utils.cc","base/power_monitor/cpu_frequency_utils.cc"
"0028-base-process-1.patch","base/process/process_metrics_win.cc","base/process/process_metrics_win.cc"
"0029-base-process-2.patch","base/process/launch_win.cc;remoting/host/win/launch_process_with_token.cc","base/process/launch_win.cc;remoting/host/win/launch_process_with_token.cc"
"0030-base-process-com.patch","base/process/memory.h;base/process/memory_win.cc;chrome/app/chrome_exe_main_win.cc","base/process/memory.h;base/process/memory_win.cc;chrome/app/chrome_exe_main_win.cc"
"0031-base-process.patch","base/process/process_metrics_win.cc","base/process/process_metrics_win.cc"
"0032-base-synchronization-condvar-1.patch","base/synchronization/condition_variable.h;base/synchronization/condition_variable_win.cc;base/synchronization/lock.h","base/synchronization/condition_variable.h;base/synchronization/condition_variable_win.cc;base/synchronization/lock.h"
"0033-base-synchronization-condvar.patch","base/synchronization/condition_variable.h;base/synchronization/condition_variable_win.cc;base/synchronization/lock_impl.h;base/synchronization/lock_impl_win.cc;base/win/windows_types.h","base/synchronization/condition_variable.h;base/synchronization/condition_variable_win.cc;base/synchronization/lock_impl.h;base/synchronization/lock_impl_win.cc;base/win/windows_types.h"
"0034-base-system-abseil.patch","base/system/sys_info_win.cc","base/system/sys_info_win.cc"
"0035-base-task-winrt.patch","base/task/thread_pool/thread_group.cc;base/threading/platform_thread_win.cc;base/threading/platform_thread_win_unittest.cc","base/task/thread_pool/thread_group.cc;base/threading/platform_thread_win.cc;base/threading/platform_thread_win_unittest.cc"
"0036-base-test-winrt.patch","base/test/scoped_os_info_override_win.cc;base/test/scoped_os_info_override_win.h;chrome/browser/ui/webui/version/version_handler_win_unittest.cc;chrome/services/system_signals/win/win_system_signals_service.cc;chrome/services/system_signals/win/win_system_signals_service_unittest.cc","base/test/scoped_os_info_override_win.cc;base/test/scoped_os_info_override_win.h;chrome/browser/ui/webui/version/version_handler_win_unittest.cc;chrome/services/system_signals/win/win_system_signals_service.cc;chrome/services/system_signals/win/win_system_signals_service_unittest.cc"
"0037-base-threading-1.patch","base/threading/platform_thread_win.cc","base/threading/platform_thread_win.cc"
"0038-base-threading.patch","base/threading/platform_thread_win.cc","base/threading/platform_thread_win.cc"
"0039-base-time-com.patch","base/time/time_win.cc","base/time/time_win.cc"
"0040-base-time.patch","base/time/time_win.cc","base/time/time_win.cc"
"0041-base-trace_event-abseil.patch","base/trace_event/process_memory_dump.cc","base/trace_event/process_memory_dump.cc"
"0042-base-trace_event-etw-1.patch","base/trace_event/trace_logging_minimal_win.cc","base/trace_event/trace_logging_minimal_win.cc"
"0043-base-trace_event-etw.patch","base/trace_event/trace_logging_minimal_win.cc","base/trace_event/trace_logging_minimal_win.cc"
"0044-base-win-1.patch","base/win/startup_information.cc;base/win/startup_information.h","base/win/startup_information.cc;base/win/startup_information.h"
"0045-base-win-2.patch","base/win/win_util.cc;chrome/services/util_win/processor_metrics.cc","base/win/win_util.cc;chrome/services/util_win/processor_metrics.cc"
"0046-base-win-3.patch","base/win/windows_version.cc","base/win/windows_version.cc"
"0047-base-win-4.patch","base/win/hstring_reference.cc;base/win/hstring_reference.h;base/win/hstring_reference_unittest.cc","base/win/hstring_reference.cc;base/win/hstring_reference.h;base/win/hstring_reference_unittest.cc"
"0048-base-win-com.patch","base/win/elevation_util.cc","base/win/elevation_util.cc"
"0049-base-win-dwrite-1.patch","base/win/dllmain.cc;third_party/swiftshader/src/Vulkan/main.cpp","base/win/dllmain.cc;third_party/swiftshader/src/Vulkan/main.cpp"
"0050-base-win-dwrite.patch","base/win/win_util.cc;chrome/browser/about_flags.cc;content/browser/renderer_host/render_process_host_impl.cc;sandbox/policy/switches.cc;sandbox/policy/win/sandbox_win.cc;content/renderer/renderer_main_platform_delegate_win.cc;third_party/blink/renderer/platform/fonts/font_cache.cc;third_party/blink/renderer/platform/fonts/font_cache.h;third_party/blink/renderer/platform/fonts/font_custom_platform_data.cc;third_party/blink/renderer/platform/fonts/skia/font_cache_skia.cc;third_party/blink/renderer/platform/fonts/win/font_fallback_win.cc;third_party/blink/renderer/core/layout/web_font_rendering_win.cc;third_party/blink/public/web/win/web_font_rendering.h;ui/gfx/font_render_params_win.cc;ui/gfx/switches.cc;ui/gfx/switches.h;ui/gfx/win/direct_write.cc;ui/gfx/win/direct_write.h","base/win/win_util.cc;chrome/browser/about_flags.cc;content/browser/renderer_host/render_process_host_impl.cc;sandbox/policy/switches.cc;sandbox/policy/win/sandbox_win.cc;content/renderer/renderer_main_platform_delegate_win.cc;third_party/blink/renderer/platform/fonts/font_cache.cc;third_party/blink/renderer/platform/fonts/font_cache.h;third_party/blink/renderer/platform/fonts/font_custom_platform_data.cc;third_party/blink/renderer/platform/fonts/skia/font_cache_skia.cc;third_party/blink/renderer/platform/fonts/win/font_fallback_win.cc;third_party/blink/renderer/core/layout/web_font_rendering_win.cc;third_party/blink/public/web/win/web_font_rendering.h;ui/gfx/font_render_params_win.cc;ui/gfx/switches.cc;ui/gfx/switches.h;ui/gfx/win/direct_write.cc;ui/gfx/win/direct_write.h"
"0051-base-win-etw-1.patch","base/win/startup_information.cc;chrome/app/chromium_strings.grd;chrome/app/google_chrome_strings.grd;chrome/browser/chrome_browser_main_win.cc;chrome/browser/diagnostics/recon_diagnostics.cc;chrome/browser/google/google_update_win.cc;chrome/browser/net/net_error_diagnostics_dialog_win.cc;chrome/browser/shell_integration_win.cc;ui/gfx/win/get_elevation_icon.cc;chrome/browser/ui/views/status_icons/status_icon_win.cc;chrome/browser/ui/webui/help/version_updater_win.cc;chrome/installer/setup/setup_main.cc;chrome/installer/setup/setup_util.cc;chrome/installer/setup/uninstall.cc;chrome/installer/util/shell_util.cc;chrome/utility/importer/ie_importer_win.cc","base/win/startup_information.cc;chrome/app/chromium_strings.grd;chrome/app/google_chrome_strings.grd;chrome/browser/chrome_browser_main_win.cc;chrome/browser/diagnostics/recon_diagnostics.cc;chrome/browser/google/google_update_win.cc;chrome/browser/net/net_error_diagnostics_dialog_win.cc;chrome/browser/shell_integration_win.cc;ui/gfx/win/get_elevation_icon.cc;chrome/browser/ui/views/status_icons/status_icon_win.cc;chrome/browser/ui/webui/help/version_updater_win.cc;chrome/installer/setup/setup_main.cc;chrome/installer/setup/setup_util.cc;chrome/installer/setup/uninstall.cc;chrome/installer/util/shell_util.cc;chrome/utility/importer/ie_importer_win.cc"
"0052-base-win-etw.patch","base/win/pe_image_test.cc;chrome/credential_provider/gaiacp/os_user_manager.cc;chrome/installer/util/BUILD.gn;components/download/internal/common/base_file_win.cc","base/win/pe_image_test.cc;chrome/credential_provider/gaiacp/os_user_manager.cc;chrome/installer/util/BUILD.gn;chrome/installer/util/installer_util_test_common.cc;chrome/installer/util/installer_util_test_common.h;components/download/internal/common/base_file_win.cc"
"0053-base-win-process-info.patch","base/win/win_util.cc","base/win/win_util.cc"
"0054-base-win-registry-1.patch","base/win/default_apps_util.cc;base/win/default_apps_util.h;chrome/browser/ui/webui/app_management/app_management_page_handler_base.cc","base/win/default_apps_util.cc;base/win/default_apps_util.h;chrome/browser/ui/webui/app_management/app_management_page_handler_base.cc"
"0055-base-win-registry-2.patch","base/win/registry.cc;base/win/registry.h;chrome/browser/shell_integration_win.cc;chrome/installer/util/BUILD.gn;chrome/installer/util/shell_util.cc;chrome/installer/util/shell_util.h;chrome/test/BUILD.gn;testing/variations/fieldtrial_testing_config.json;tools/metrics/histograms/metadata/ui/enums.xml;tools/metrics/histograms/metadata/windows/histograms.xml","base/win/registry.cc;base/win/registry.h;chrome/browser/shell_integration_win.cc;chrome/installer/util/BUILD.gn;chrome/installer/util/shell_util.cc;chrome/installer/util/shell_util.h;chrome/installer/util/shell_util_interactive_uitest.cc;chrome/test/BUILD.gn;testing/variations/fieldtrial_testing_config.json;tools/metrics/histograms/metadata/ui/enums.xml;tools/metrics/histograms/metadata/windows/histograms.xml"
"0056-base-win-registry.patch","base/win/registry.cc;base/win/registry.h","base/win/registry.cc;base/win/registry.h"
"0057-base-win-ssl.patch","base/win/i18n.cc","base/win/i18n.cc"
"0058-base-win-winrt-1.patch","base/win/hstring_reference_unittest.cc;base/win/map_unittest.cc;base/win/scoped_hstring.cc;base/win/scoped_hstring.h;base/win/win_util.cc;chrome/browser/device_reauth/win/authenticator_win.cc;chrome/browser/enterprise/platform_auth/cloud_ap_provider_win.cc;chrome/browser/notifications/notification_platform_bridge_win.cc;chrome/browser/webshare/win/fake_storage_file_statics.cc;chrome/browser/webshare/win/fake_storage_file_statics_unittest.cc;chrome/browser/webshare/win/fake_uri_runtime_class_factory_unittest.cc;chrome/browser/webshare/win/share_operation.cc;chrome/browser/webshare/win/show_share_ui_for_window_operation.cc;components/embedder_support/user_agent_utils_unittest.cc;components/system_media_controls/win/system_media_controls_win.cc;content/browser/installedapp/native_win_app_fetcher_impl.cc;device/bluetooth/bluetooth_adapter_winrt.cc;device/gamepad/wgi_data_fetcher_win_unittest.cc;media/capture/video/win/video_capture_device_factory_win.cc;media/cdm/win/media_foundation_cdm_module.cc;media/midi/midi_manager_winrt.cc;media/renderers/win/media_foundation_protection_manager.cc;services/device/geolocation/win/location_provider_winrt.cc;services/shape_detection/face_detection_provider_win.cc;services/shape_detection/text_detection_impl_win.cc;ui/base/ime/win/on_screen_keyboard_display_manager_input_pane.cc;ui/display/win/uwp_text_scale_factor.cc;ui/native_theme/caption_style_win.cc;services/device/public/cpp/geolocation/system_geolocation_source_win.cc;chrome/browser/permissions/system/system_media_source_win.cc;crypto/user_verifying_key_win.cc","base/win/hstring_reference_unittest.cc;base/win/map_unittest.cc;base/win/scoped_hstring.cc;base/win/scoped_hstring.h;base/win/win_util.cc;chrome/browser/device_reauth/win/authenticator_win.cc;chrome/browser/enterprise/platform_auth/cloud_ap_provider_win.cc;chrome/browser/notifications/notification_platform_bridge_win.cc;chrome/browser/webshare/win/fake_storage_file_statics.cc;chrome/browser/webshare/win/fake_storage_file_statics_unittest.cc;chrome/browser/webshare/win/fake_uri_runtime_class_factory_unittest.cc;chrome/browser/webshare/win/share_operation.cc;chrome/browser/webshare/win/show_share_ui_for_window_operation.cc;components/embedder_support/user_agent_utils_unittest.cc;components/system_media_controls/win/system_media_controls_win.cc;content/browser/installedapp/native_win_app_fetcher_impl.cc;device/bluetooth/bluetooth_adapter_winrt.cc;device/gamepad/wgi_data_fetcher_win_unittest.cc;media/capture/video/win/video_capture_device_factory_win.cc;media/cdm/win/media_foundation_cdm_module.cc;media/midi/midi_manager_winrt.cc;media/renderers/win/media_foundation_protection_manager.cc;services/device/geolocation/win/location_provider_winrt.cc;services/shape_detection/face_detection_provider_win.cc;services/shape_detection/text_detection_impl_win.cc;ui/base/ime/win/on_screen_keyboard_display_manager_input_pane.cc;ui/display/win/uwp_text_scale_factor.cc;ui/native_theme/caption_style_win.cc;services/device/public/cpp/geolocation/system_geolocation_source_win.cc;chrome/browser/permissions/system/system_media_source_win.cc;crypto/user_verifying_key_win.cc"
"0059-base-win-winrt-2.patch","base/win/scoped_winrt_initializer.cc","base/win/scoped_winrt_initializer.cc"
"0060-base-win-winrt.patch","base/win/core_winrt_util_unittest.cc;base/win/hstring_compare.cc;base/win/registry.cc;base/win/scoped_process_information_unittest.cc;base/win/scoped_winrt_initializer.cc;base/win/scoped_winrt_initializer_unittest.cc","base/win/core_winrt_util_unittest.cc;base/win/hstring_compare.cc;base/win/registry.cc;base/win/scoped_process_information_unittest.cc;base/win/scoped_winrt_initializer.cc;base/win/scoped_winrt_initializer_unittest.cc"
"0061-base-win.patch","base/win/win_util.cc","base/win/win_util.cc"
"0062-build-config-cert.patch","build/config/BUILD.gn;build/config/win/BUILD.gn","build/config/BUILD.gn;build/config/win/BUILD.gn"
"0063-build-config-com-1.patch","build/config/win/BUILD.gn","build/config/win/BUILD.gn"
"0064-build-config-com-2.patch","build/config/win/BUILD.gn","build/config/win/BUILD.gn"
"0065-build-config-com-3.patch","build/config/win/BUILD.gn","build/config/win/BUILD.gn"
"0066-build-config-com.patch","build/config/compiler/BUILD.gn;build/config/win/BUILD.gn;chrome/installer/setup/setup_util.cc;chrome/BUILD.gn","build/config/compiler/BUILD.gn;build/config/win/BUILD.gn;chrome/installer/setup/setup_util.cc;chrome/BUILD.gn"
"0067-BUILD.gn-dwrite.patch","third_party/skia/BUILD.gn;third_party/skia/dm/DM.cpp;third_party/skia/gn/core.gni;third_party/skia/gn/skia.gni;third_party/skia/include/core/SkFontMgr.h;third_party/skia/include/core/SkTypeface.h;third_party/skia/include/ports/SkFontConfigInterface.h;third_party/skia/modules/canvaskit/compile.sh;third_party/skia/modules/skresources/src/SkResources.cpp;third_party/skia/src/core/SkFontMgr.cpp;third_party/skia/src/core/SkPictureData.cpp;third_party/skia/src/core/SkTypeface.cpp;third_party/skia/src/ports/SkFontConfigInterface.cpp;third_party/skia/tools/fonts/FontToolUtils.cpp;third_party/skia/tools/fonts/FontToolUtils.h","third_party/skia/BUILD.gn;third_party/skia/dm/DM.cpp;third_party/skia/gn/core.gni;third_party/skia/gn/skia.gni;third_party/skia/include/core/SkFontMgr.h;third_party/skia/include/core/SkTypeface.h;third_party/skia/include/ports/SkFontConfigInterface.h;third_party/skia/modules/canvaskit/compile.sh;third_party/skia/modules/skresources/src/SkResources.cpp;third_party/skia/src/core/SkFontMgr.cpp;third_party/skia/src/core/SkFontMgrPriv.h;third_party/skia/src/core/SkPictureData.cpp;third_party/skia/src/core/SkTypeface.cpp;third_party/skia/src/ports/SkFontConfigInterface.cpp;third_party/skia/src/ports/SkFontMgr_FontConfigInterface_factory.cpp;third_party/skia/src/ports/SkFontMgr_android_factory.cpp;third_party/skia/src/ports/SkFontMgr_custom_directory_factory.cpp;third_party/skia/src/ports/SkFontMgr_custom_embedded_factory.cpp;third_party/skia/src/ports/SkFontMgr_custom_empty_factory.cpp;third_party/skia/src/ports/SkFontMgr_empty_factory.cpp;third_party/skia/src/ports/SkFontMgr_fontconfig_factory.cpp;third_party/skia/src/ports/SkFontMgr_mac_ct_factory.cpp;third_party/skia/src/ports/SkFontMgr_win_dw_factory.cpp;third_party/skia/tools/fonts/FontToolUtils.cpp;third_party/skia/tools/fonts/FontToolUtils.h"
"0068-chrome-app-1.patch","chrome/app/chromium_strings.grd;chrome/app/google_chrome_strings.grd","chrome/app/chromium_strings.grd;chrome/app/google_chrome_strings.grd"
"0069-chrome-app-etw-1.patch","chrome/app/chromium_strings.grd;chrome/app/google_chrome_strings.grd;chrome/browser/shell_integration_win.cc;chrome/browser/ui/views/uninstall_view.cc;chrome/browser/ui/views/uninstall_view.h;chrome/installer/setup/install.cc;chrome/installer/setup/setup_main.cc;chrome/installer/util/initial_preferences.cc;chrome/installer/util/initial_preferences.h;chrome/installer/util/initial_preferences_constants.h;chrome/installer/util/initial_preferences_unittest.cc;chrome/installer/util/shell_util.cc;chrome/installer/util/shell_util.h;chrome/installer/util/util_constants.cc;chrome/installer/util/util_constants.h;chrome/test/enterprise/e2e/infra/installer_data","chrome/app/chromium_strings.grd;chrome/app/google_chrome_strings.grd;chrome/browser/shell_integration_win.cc;chrome/browser/ui/views/uninstall_view.cc;chrome/browser/ui/views/uninstall_view.h;chrome/installer/setup/install.cc;chrome/installer/setup/setup_main.cc;chrome/installer/util/initial_preferences.cc;chrome/installer/util/initial_preferences.h;chrome/installer/util/initial_preferences_constants.h;chrome/installer/util/initial_preferences_unittest.cc;chrome/installer/util/shell_util.cc;chrome/installer/util/shell_util.h;chrome/installer/util/util_constants.cc;chrome/installer/util/util_constants.h;chrome/test/enterprise/e2e/infra/installer_data"
"0070-chrome-app-etw.patch","chrome/app/BUILD.gn;chrome/app/etw_events/chrome_events_win.rc","chrome/app/BUILD.gn"
"0071-chrome-app-fiber.patch","chrome/app/chrome_exe_main_win.cc","chrome/app/chrome_exe_main_win.cc"
"0072-chrome-app.patch","chrome/app/chromium_strings.grd;chrome/app/google_chrome_strings.grd;chrome/installer/setup/setup_main.cc;chrome/installer/util/install_util.cc","chrome/app/chromium_strings.grd;chrome/app/google_chrome_strings.grd;chrome/installer/setup/setup_main.cc;chrome/installer/util/install_util.cc"
"0073-chrome-browser-1.patch","chrome/browser/ui/webui/settings/settings_localized_strings_provider.cc","chrome/browser/ui/webui/settings/settings_localized_strings_provider.cc"
"0074-chrome-browser-abseil.patch","chrome/browser/ui/views/tabs/tab/tab_title.cc","chrome/browser/ui/views/tabs/tab/tab_title.cc"
"0075-chrome-browser-appcontainer.patch","chrome/browser/printing/print_browsertest.cc;sandbox/policy/features.cc","chrome/browser/printing/print_browsertest.cc;sandbox/policy/features.cc"
"0076-chrome-browser-com-1.patch","chrome/browser/media/webrtc/desktop_capture_devices_util_win.cc","chrome/browser/media/webrtc/desktop_capture_devices_util_win.cc"
"0077-chrome-browser-com-2.patch","chrome/browser/chrome_browser_main_win.cc","chrome/browser/chrome_browser_main_win.cc"
"0078-chrome-browser-com-3.patch","chrome/browser/chrome_browser_main_win.cc","chrome/browser/chrome_browser_main_win.cc"
"0079-chrome-browser-com-4.patch","chrome/browser/win/taskbar_manager.cc","chrome/browser/win/taskbar_manager.cc"
"0080-chrome-browser-com.patch","chrome/browser/ui/views/frame/browser_frame_view_win.h","chrome/browser/ui/views/frame/browser_frame_view_win.h"
"0081-chrome-browser-d3d.patch","chrome/browser/about_flags.cc;chrome/browser/flag-metadata.json;chrome/browser/flag_descriptions.h;media/base/media_switches.h;media/gpu/windows/d3d11_video_decoder.cc;media/gpu/windows/d3d11_video_decoder_unittest.cc;media/gpu/windows/supported_profile_helpers.cc;media/mojo/services/gpu_mojo_media_client_win.cc","chrome/browser/about_flags.cc;chrome/browser/flag-metadata.json;chrome/browser/flag_descriptions.h;media/base/media_switches.h;media/gpu/windows/d3d11_video_decoder.cc;media/gpu/windows/d3d11_video_decoder_unittest.cc;media/gpu/windows/supported_profile_helpers.cc;media/mojo/services/gpu_mojo_media_client_win.cc"
"0082-chrome-browser-dwrite.patch","chrome/browser/chrome_content_browser_client.cc;chrome/browser/chrome_content_browser_client.h;content/public/browser/content_browser_client.h;content/shell/browser/shell_content_browser_client.cc;content/shell/browser/shell_content_browser_client.h","chrome/browser/chrome_content_browser_client.cc;chrome/browser/chrome_content_browser_client.h;content/browser/renderer_host/dwrite_font_lookup_table_builder_win_unittest.cc;content/public/browser/content_browser_client.h;content/shell/browser/shell_content_browser_client.cc;content/shell/browser/shell_content_browser_client.h"
"0083-chrome-browser-etw-1.patch","chrome/browser/ui/views/frame/browser_frame_view_win.cc;chrome/browser/ui/views/frame/browser_frame_view_win.h;chrome/browser/ui/views/frame/browser_frame_view.h","chrome/browser/ui/views/frame/browser_frame_view_win.cc;chrome/browser/ui/views/frame/browser_frame_view_win.h;chrome/browser/ui/views/frame/browser_frame_view.h"
"0084-chrome-browser-etw-2.patch","chrome/browser/importer/external_process_importer_client.cc;chrome/browser/importer/external_process_importer_client.h;chrome/browser/importer/in_process_importer_bridge.cc;chrome/browser/importer/in_process_importer_bridge.h;chrome/common/importer/importer_bridge.h;chrome/common/importer/mock_importer_bridge.h;chrome/common/importer/profile_import.mojom;chrome/utility/importer/external_process_importer_bridge.cc;chrome/utility/importer/external_process_importer_bridge.h","chrome/browser/importer/external_process_importer_client.cc;chrome/browser/importer/external_process_importer_client.h;chrome/browser/importer/in_process_importer_bridge.cc;chrome/browser/importer/in_process_importer_bridge.h;chrome/common/importer/importer_bridge.h;chrome/common/importer/mock_importer_bridge.h;chrome/common/importer/profile_import.mojom;chrome/utility/importer/external_process_importer_bridge.cc;chrome/utility/importer/external_process_importer_bridge.h"
"0085-chrome-browser-etw-3.patch","chrome/browser/ssl/ssl_browsertest.cc;net/cert/cert_status_flags_list.h;net/cert/cert_verify_proc.cc;net/cert/cert_verify_proc.h;net/cert/cert_verify_proc_unittest.cc;net/cert/cert_verify_result.cc;net/cert/cert_verify_result.h;net/data/test_support_bundle_data.filelist;net/tools/cert_verify_tool/verify_using_cert_verify_proc.cc;services/network/public/cpp/net_ipc_param_traits.cc","chrome/browser/ssl/ssl_browsertest.cc;net/cert/cert_status_flags_list.h;net/cert/cert_verify_proc.cc;net/cert/cert_verify_proc.h;net/cert/cert_verify_proc_unittest.cc;net/cert/cert_verify_result.cc;net/cert/cert_verify_result.h;net/data/ssl/certificates/weak_digest_md2_ee.pem;net/data/ssl/certificates/weak_digest_md2_intermediate.pem;net/data/ssl/certificates/weak_digest_md2_root.pem;net/data/ssl/certificates/weak_digest_md4_ee.pem;net/data/ssl/certificates/weak_digest_md4_intermediate.pem;net/data/ssl/certificates/weak_digest_md4_root.pem;net/data/ssl/certificates/weak_digest_md5_ee.pem;net/data/ssl/certificates/weak_digest_md5_intermediate.pem;net/data/ssl/certificates/weak_digest_md5_root.pem;net/data/ssl/certificates/weak_digest_sha1_ee.pem;net/data/ssl/certificates/weak_digest_sha1_intermediate.pem;net/data/ssl/certificates/weak_digest_sha1_root.pem;net/data/test_support_bundle_data.filelist;net/tools/cert_verify_tool/verify_using_cert_verify_proc.cc;services/network/public/cpp/net_ipc_param_traits.cc"
"0086-chrome-browser-etw-4.patch","chrome/browser/metrics/chrome_browser_main_extra_parts_metrics.cc;chrome/browser/net/stub_resolver_config_reader.cc","chrome/browser/metrics/chrome_browser_main_extra_parts_metrics.cc;chrome/browser/net/stub_resolver_config_reader.cc"
"0087-chrome-browser-etw-5.patch","chrome/browser/themes/theme_helper_win.cc;chrome/browser/ui/color/win/native_chrome_color_mixer_win.cc;chrome/browser/ui/views/apps/chrome_native_app_window_views_win.cc;chrome/browser/ui/views/apps/chrome_native_app_window_views_win.h;chrome/browser/ui/views/chrome_views_delegate_win.cc;chrome/browser/ui/views/frame/minimize_button_metrics_win.cc;chrome/browser/ui/views/tabs/hovercard/tab_hover_card_bubble_view.cc;chrome/browser/ui/views/tabs/hovercard/tab_hover_card_bubble_view.h;chrome/browser/ui/views/toolbar/toolbar_action_hover_card_bubble_view.cc;content/browser/gpu/gpu_internals_ui.cc;ui/base/ui_base_switches.h;ui/base/win/shell.cc;ui/base/win/shell.h;ui/message_center/views/message_view.cc;ui/platform_window/win/win_window.cc;ui/views/bubble/bubble_border.cc;ui/views/bubble/bubble_border.h;ui/views/bubble/bubble_border_unittest.cc;ui/views/bubble/bubble_dialog_delegate_view.cc;ui/views/examples/bubble_example.cc;ui/views/examples/bubble_example.h;ui/views/widget/desktop_aura/desktop_window_tree_host_win.cc;ui/views/widget/widget_hwnd_utils.cc;ui/views/win/fullscreen_handler.cc;ui/views/win/hwnd_message_handler.cc;ui/views/window/dialog_delegate.cc;ui/wm/core/window_animations.cc","chrome/browser/themes/theme_helper_win.cc;chrome/browser/ui/color/win/native_chrome_color_mixer_win.cc;chrome/browser/ui/views/apps/chrome_native_app_window_views_win.cc;chrome/browser/ui/views/apps/chrome_native_app_window_views_win.h;chrome/browser/ui/views/chrome_views_delegate_win.cc;chrome/browser/ui/views/frame/minimize_button_metrics_win.cc;chrome/browser/ui/views/tabs/hovercard/tab_hover_card_bubble_view.cc;chrome/browser/ui/views/tabs/hovercard/tab_hover_card_bubble_view.h;chrome/browser/ui/views/toolbar/toolbar_action_hover_card_bubble_view.cc;content/browser/gpu/gpu_internals_ui.cc;ui/base/ui_base_switches.h;ui/base/win/shell.cc;ui/base/win/shell.h;ui/message_center/views/message_view.cc;ui/platform_window/win/win_window.cc;ui/views/bubble/bubble_border.cc;ui/views/bubble/bubble_border.h;ui/views/bubble/bubble_border_unittest.cc;ui/views/bubble/bubble_dialog_delegate_view.cc;ui/views/examples/bubble_example.cc;ui/views/examples/bubble_example.h;ui/views/widget/desktop_aura/desktop_window_tree_host_win.cc;ui/views/widget/widget_hwnd_utils.cc;ui/views/win/fullscreen_handler.cc;ui/views/win/hwnd_message_handler.cc;ui/views/window/dialog_delegate.cc;ui/wm/core/window_animations.cc"
"0088-chrome-browser-etw-6.patch","chrome/browser/media/router/discovery/discovery_network_list_win.cc;chrome/browser/media/router/discovery/discovery_network_list_win.h","chrome/browser/media/router/discovery/discovery_network_list_win.cc;chrome/browser/media/router/discovery/discovery_network_list_win.h"
"0089-chrome-browser-etw-7.patch","chrome/browser/extensions/api/language_settings_private/language_settings_private_api_unittest.cc;chrome/browser/spellchecker/spell_check_host_chrome_impl_win_browsertest.cc;chrome/browser/spellchecker/spellcheck_service.cc;chrome/browser/spellchecker/spellcheck_service.h;components/embedder_support/user_agent_utils.cc;components/services/quarantine/quarantine_win.cc;components/services/quarantine/test_support_win.cc;components/spellcheck/browser/spellcheck_platform_win.cc;components/spellcheck/browser/windows_spell_checker.cc;components/spellcheck/common/spellcheck_features.cc;components/spellcheck/common/spellcheck_features.h","chrome/browser/extensions/api/language_settings_private/language_settings_private_api_unittest.cc;chrome/browser/spellchecker/spell_check_host_chrome_impl_win_browsertest.cc;chrome/browser/spellchecker/spellcheck_service.cc;chrome/browser/spellchecker/spellcheck_service.h;components/embedder_support/user_agent_utils.cc;components/services/quarantine/quarantine_win.cc;components/services/quarantine/test_support_win.cc;components/spellcheck/browser/spellcheck_platform_win.cc;components/spellcheck/browser/windows_spell_checker.cc;components/spellcheck/common/spellcheck_features.cc;components/spellcheck/common/spellcheck_features.h"
"0090-chrome-browser-etw-8.patch","chrome/browser/ui/views/toolbar/toolbar_action_hover_card_bubble_view.cc;chrome/browser/ui/views/toolbar/toolbar_action_hover_card_bubble_view.h","chrome/browser/ui/views/toolbar/toolbar_action_hover_card_bubble_view.cc;chrome/browser/ui/views/toolbar/toolbar_action_hover_card_bubble_view.h"
"0091-chrome-browser-etw-9.patch","chrome/browser/ui/color/win/native_chrome_color_mixer_win.cc;chrome/browser/ui/views/apps/app_window_frame_view_win.cc;chrome/browser/ui/views/create_application_shortcut_view.cc;chrome/browser/ui/views/frame/browser_desktop_window_tree_host_win.cc;chrome/browser/ui/views/frame/browser_desktop_window_tree_host_win.h;chrome/browser/ui/views/frame/browser_view.cc;chrome/browser/ui/views/frame/browser_frame_view_win.cc;chrome/browser/ui/views/frame/minimize_button_metrics_win.cc;chrome/browser/ui/views/frame/minimize_button_metrics_win.h;chrome/browser/ui/views/tabs/tab_strip.cc;chrome/browser/ui/views/touch_events_interactive_uitest_win.cc;chrome/browser/ui/views/web_apps/frame_toolbar/web_app_navigation_button_container.cc;chrome/browser/ui/webui/conflicts/conflicts_data_fetcher.cc;chrome/browser/ui/webui/settings/settings_localized_strings_provider.cc;chrome/browser/ui/webui/settings/settings_utils_win.cc","chrome/browser/ui/color/win/native_chrome_color_mixer_win.cc;chrome/browser/ui/views/apps/app_window_frame_view_win.cc;chrome/browser/ui/views/create_application_shortcut_view.cc;chrome/browser/ui/views/frame/browser_desktop_window_tree_host_win.cc;chrome/browser/ui/views/frame/browser_desktop_window_tree_host_win.h;chrome/browser/ui/views/frame/browser_view.cc;chrome/browser/ui/views/frame/browser_frame_view_win.cc;chrome/browser/ui/views/frame/minimize_button_metrics_win.cc;chrome/browser/ui/views/frame/minimize_button_metrics_win.h;chrome/browser/ui/views/tabs/tab_strip.cc;chrome/browser/ui/views/touch_events_interactive_uitest_win.cc;chrome/browser/ui/views/web_apps/frame_toolbar/web_app_navigation_button_container.cc;chrome/browser/ui/webui/conflicts/conflicts_data_fetcher.cc;chrome/browser/ui/webui/settings/settings_localized_strings_provider.cc;chrome/browser/ui/webui/settings/settings_utils_win.cc"
"0092-chrome-browser-etw.patch","chrome/browser/web_applications/os_integration/protocol_handling_sub_manager.cc;chrome/browser/web_applications/os_integration/web_app_file_handler_registration_win_unittest.cc;chrome/browser/web_applications/os_integration/web_app_handler_registration_utils_win.cc;chrome/browser/web_applications/os_integration/web_app_protocol_handler_registration_win_unittest.cc","chrome/browser/web_applications/os_integration/protocol_handling_sub_manager.cc;chrome/browser/web_applications/os_integration/web_app_file_handler_registration_win_unittest.cc;chrome/browser/web_applications/os_integration/web_app_handler_registration_utils_win.cc;chrome/browser/web_applications/os_integration/web_app_protocol_handler_registration_win_unittest.cc"
"0093-chrome-browser-process-info.patch","chrome/browser/chrome_process_singleton.cc","chrome/browser/chrome_process_singleton.cc"
"0094-chrome-browser-registry-1.patch","chrome/browser/shell_integration.cc;chrome/browser/shell_integration.h;chrome/browser/shell_integration_win.cc;chrome/browser/ui/startup/default_browser_prompt/default_browser_infobar_delegate.cc;chrome/browser/ui/startup/default_browser_prompt/default_browser_infobar_delegate.h;chrome/browser/ui/views/infobars/confirm_infobar.cc;chrome/browser/ui/views/infobars/confirm_infobar.h;components/infobars/core/confirm_infobar_delegate.cc;components/infobars/core/confirm_infobar_delegate.h","chrome/browser/shell_integration.cc;chrome/browser/shell_integration.h;chrome/browser/shell_integration_win.cc;chrome/browser/ui/startup/default_browser_prompt/default_browser_infobar_delegate.cc;chrome/browser/ui/startup/default_browser_prompt/default_browser_infobar_delegate.h;chrome/browser/ui/views/infobars/confirm_infobar.cc;chrome/browser/ui/views/infobars/confirm_infobar.h;components/infobars/core/confirm_infobar_delegate.cc;components/infobars/core/confirm_infobar_delegate.h"
"0095-chrome-browser-registry-2.patch","chrome/browser/ash/policy/core/device_policy_decoder.cc;chrome/browser/ash/policy/login/login_profile_policy_provider.cc;chrome/browser/extensions/manifest_v2_experiment_manager_browsertest.cc;chrome/browser/policy/configuration_policy_handler_list_factory.cc;components/policy/resources/templates/policy_definitions/Extensions/DeviceLoginScreenExtensionManifestV2Availability.yaml;components/policy/test/data/pref_mapping/DeviceLoginScreenExtensionManifestV2Availability.json;components/policy/test/data/pref_mapping/ExtensionManifestV2Availability.json","chrome/browser/ash/policy/core/device_policy_decoder.cc;chrome/browser/ash/policy/login/login_profile_policy_provider.cc;chrome/browser/extensions/manifest_v2_experiment_manager_browsertest.cc;chrome/browser/policy/configuration_policy_handler_list_factory.cc;components/policy/resources/templates/policy_definitions/Extensions/DeviceLoginScreenExtensionManifestV2Availability.yaml;components/policy/test/data/pref_mapping/DeviceLoginScreenExtensionManifestV2Availability.json;components/policy/test/data/pref_mapping/ExtensionManifestV2Availability.json"
"0096-chrome-browser-registry-3.patch","chrome/browser/shell_integration_win.cc","chrome/browser/shell_integration_win.cc"
"0097-chrome-browser-registry-4.patch","chrome/browser/win/parental_controls.cc;chrome/browser/win/titlebar_config.cc","chrome/browser/win/parental_controls.cc;chrome/browser/win/titlebar_config.cc"
"0098-chrome-browser-registry.patch","chrome/browser/shell_integration_win.cc;chrome/installer/util/BUILD.gn","chrome/browser/shell_integration_win.cc;chrome/installer/util/BUILD.gn;chrome/installer/util/scoped_user_protocol_entry.cc;chrome/installer/util/scoped_user_protocol_entry.h;chrome/installer/util/scoped_user_protocol_entry_unittest.cc"
"0099-chrome-browser-winrt-1.patch","chrome/browser/shell_integration.cc;chrome/browser/shell_integration_win.cc;chrome/browser/shell_integration_win.h;chrome/installer/util/shell_util.cc;chrome/installer/util/shell_util.h","chrome/browser/shell_integration.cc;chrome/browser/shell_integration_win.cc;chrome/browser/shell_integration_win.h;chrome/installer/util/shell_util.cc;chrome/installer/util/shell_util.h"
"0100-chrome-browser-winrt-2.patch","chrome/browser/webshare/win/show_share_ui_for_window_operation.cc;chrome/installer/util/taskbar_util.cc;chrome/renderer/chrome_content_renderer_client.cc","chrome/browser/webshare/win/show_share_ui_for_window_operation.cc;chrome/installer/util/taskbar_util.cc;chrome/renderer/chrome_content_renderer_client.cc"
"0101-chrome-browser-winrt-3.patch","chrome/browser/webshare/share_service_unittest.cc;chrome/browser/webshare/win/fake_data_transfer_manager.cc;chrome/browser/webshare/win/fake_data_transfer_manager.h;chrome/browser/webshare/win/fake_data_transfer_manager_interop.cc;chrome/browser/webshare/win/fake_data_transfer_manager_interop.h;chrome/browser/webshare/win/fake_data_transfer_manager_interop_unittest.cc;chrome/browser/webshare/win/fake_data_transfer_manager_unittest.cc;chrome/browser/webshare/win/scoped_fake_data_transfer_manager_interop.cc;chrome/browser/webshare/win/scoped_fake_data_transfer_manager_interop.h;chrome/browser/webshare/win/scoped_share_operation_fake_components.cc;chrome/browser/webshare/win/scoped_share_operation_fake_components.h;chrome/browser/webshare/win/share_operation_unittest.cc;chrome/browser/webshare/win/show_share_ui_for_window_operation_unittest.cc","chrome/browser/webshare/share_service_unittest.cc;chrome/browser/webshare/win/fake_data_transfer_manager.cc;chrome/browser/webshare/win/fake_data_transfer_manager.h;chrome/browser/webshare/win/fake_data_transfer_manager_interop.cc;chrome/browser/webshare/win/fake_data_transfer_manager_interop.h;chrome/browser/webshare/win/fake_data_transfer_manager_interop_unittest.cc;chrome/browser/webshare/win/fake_data_transfer_manager_unittest.cc;chrome/browser/webshare/win/scoped_fake_data_transfer_manager_interop.cc;chrome/browser/webshare/win/scoped_fake_data_transfer_manager_interop.h;chrome/browser/webshare/win/scoped_share_operation_fake_components.cc;chrome/browser/webshare/win/scoped_share_operation_fake_components.h;chrome/browser/webshare/win/share_operation_unittest.cc;chrome/browser/webshare/win/show_share_ui_for_window_operation_unittest.cc"
"0102-chrome-browser-winrt.patch","chrome/browser/about_flags.cc;chrome/browser/accessibility/caption_settings_dialog_win.cc;chrome/browser/device_reauth/win/authenticator_win.cc;chrome/browser/external_protocol/external_protocol_handler_browsertest.cc;chrome/browser/importer/edge_importer_browsertest_win.cc;chrome/browser/media/webrtc/webrtc_browsertest_base.cc;chrome/browser/media/webrtc/webrtc_browsertest_base.h","chrome/browser/about_flags.cc;chrome/browser/accessibility/caption_settings_dialog_win.cc;chrome/browser/device_reauth/win/authenticator_win.cc;chrome/browser/external_protocol/external_protocol_handler_browsertest.cc;chrome/browser/importer/edge_importer_browsertest_win.cc;chrome/browser/media/webrtc/webrtc_browsertest_base.cc;chrome/browser/media/webrtc/webrtc_browsertest_base.h"
"0103-chrome-browser.patch","chrome/browser/os_crypt/app_bound_encryption_win.cc","chrome/browser/os_crypt/app_bound_encryption_win.cc"
"0104-chrome-BUILD.gn-dcomp.patch","chrome/BUILD.gn;chrome/installer/mac/signing/parts.py;chrome/installer/mini_installer/chrome.release;chrome/tools/build/win/FILES.cfg;content/shell/BUILD.gn;gpu/ipc/service/gles2_command_buffer_stub.cc;gpu/config/gpu_info_collector.cc;gpu/config/gpu_util.cc;gpu/ipc/service/gpu_init.cc;infra/archive_config/win-archive-rel.json;infra/archive_config/win32-archive-rel.json;infra/scripts/sizes.py;tools/binary_size/sizes.py;tools/determinism/deterministic_build_ignorelist.pyl;ui/gl/BUILD.gn;ui/gl/gl_context.cc;ui/gl/gl_implementation.cc;ui/gl/gl_implementation.h;ui/gl/init/gl_display_initializer.cc;ui/gl/gl_switches.cc;ui/gl/gl_switches.h;ui/gl/init/gl_factory.cc;ui/gl/init/gl_factory_win.cc;ui/gl/init/gl_initializer_win.cc;ui/gl/test/gl_surface_test_support.cc;ui/gl/mojom/gl_implementation.mojom;ui/gl/mojom/gl_implementation_mojom_traits.cc","chrome/BUILD.gn;chrome/installer/mac/signing/parts.py;chrome/installer/mini_installer/chrome.release;chrome/tools/build/win/FILES.cfg;content/shell/BUILD.gn;gpu/ipc/service/gles2_command_buffer_stub.cc;gpu/config/gpu_info_collector.cc;gpu/config/gpu_util.cc;gpu/ipc/service/gpu_init.cc;infra/archive_config/win-archive-rel.json;infra/archive_config/win32-archive-rel.json;infra/scripts/sizes.py;tools/binary_size/sizes.py;tools/determinism/deterministic_build_ignorelist.pyl;ui/gl/BUILD.gn;ui/gl/gl_context.cc;ui/gl/gl_implementation.cc;ui/gl/gl_implementation.h;ui/gl/init/gl_display_initializer.cc;ui/gl/gl_switches.cc;ui/gl/gl_switches.h;ui/gl/init/gl_factory.cc;ui/gl/init/gl_factory_win.cc;ui/gl/init/gl_initializer_win.cc;ui/gl/test/gl_surface_test_support.cc;ui/gl/mojom/gl_implementation.mojom;ui/gl/mojom/gl_implementation_mojom_traits.cc"
"0105-chrome-chrome_elf-elf.patch","chrome/chrome_elf/chrome_elf_security.cc","chrome/chrome_elf/chrome_elf_security.cc"
"0106-chrome-chrome_elf-registry-1.patch","chrome/chrome_elf/nt_registry/nt_registry.cc;chrome/chrome_elf/nt_registry/nt_registry.h;chrome/chrome_elf/nt_registry/nt_registry_functions.h;chrome/chrome_elf/nt_registry/nt_registry_unittest.cc","chrome/chrome_elf/nt_registry/nt_registry.cc;chrome/chrome_elf/nt_registry/nt_registry.h;chrome/chrome_elf/nt_registry/nt_registry_functions.h;chrome/chrome_elf/nt_registry/nt_registry_unittest.cc"
"0107-chrome-chrome_elf-registry.patch","chrome/chrome_elf/nt_registry/nt_registry.cc","chrome/chrome_elf/nt_registry/nt_registry.cc"
"0108-chrome-common-com.patch","chrome/common/chrome_paths_win.cc","chrome/common/chrome_paths_win.cc"
"0109-chrome-credential_provider-registry.patch","chrome/credential_provider/gaiacp/scoped_user_profile.cc","chrome/credential_provider/gaiacp/scoped_user_profile.cc"
"0110-chrome-install_static-etw.patch","chrome/install_static/user_data_dir.cc","chrome/install_static/user_data_dir.cc"
"0111-chrome-installer-cig.patch","chrome/installer/mini_installer/chrome.release;chrome/installer/setup/install_worker.cc;chrome/installer/setup/setup_constants.cc;chrome/installer/setup/setup_constants.h;chrome/tools/build/win/FILES.cfg;sandbox/win/BUILD.gn;tools/checkbins/checkbins.py;sandbox/policy/BUILD.gn","chrome/installer/mini_installer/chrome.release;chrome/installer/setup/install_worker.cc;chrome/installer/setup/setup_constants.cc;chrome/installer/setup/setup_constants.h;chrome/tools/build/win/FILES.cfg;sandbox/win/BUILD.gn;sandbox/win/wow_helper.sln;sandbox/win/wow_helper/service64_resolver.cc;sandbox/win/wow_helper/service64_resolver.h;sandbox/win/wow_helper/target_code.cc;sandbox/win/wow_helper/target_code.h;sandbox/win/wow_helper/wow_helper.cc;sandbox/win/wow_helper/wow_helper.vcproj;tools/checkbins/checkbins.py;sandbox/policy/BUILD.gn"
"0112-chrome-installer-com-1.patch","chrome/installer/util/taskbar_util.cc","chrome/installer/util/taskbar_util.cc"
"0113-chrome-installer-com-2.patch","chrome/installer/setup/uninstall.cc","chrome/installer/setup/uninstall.cc"
"0114-chrome-installer-com.patch","chrome/installer/util/lzma_util.cc","chrome/installer/util/lzma_util.cc"
"0115-chrome-installer-file-handle-1.patch","chrome/installer/mini_installer/delete_with_retry.cc","chrome/installer/mini_installer/delete_with_retry.cc"
"0116-chrome-installer-file-handle-2.patch","chrome/installer/mini_installer/decompress.cc","chrome/installer/mini_installer/decompress.cc"
"0117-chrome-installer-file-handle.patch","chrome/installer/mini_installer/mini_file.cc","chrome/installer/mini_installer/mini_file.cc"
"0118-chrome-installer-registry-1.patch","chrome/installer/setup/install.cc;chrome/installer/util/shell_util.cc","chrome/installer/setup/install.cc;chrome/installer/util/shell_util.cc"
"0119-chrome-installer-registry.patch","chrome/installer/util/shell_util.cc","chrome/installer/util/shell_util.cc"
"0120-chrome-installer-updater.patch","chrome/installer/setup/setup_main.cc;chrome/installer/util/install_util.cc;chrome/updater/win/installer/installer.cc","chrome/installer/setup/setup_main.cc;chrome/installer/util/install_util.cc;chrome/updater/win/installer/installer.cc"
"0121-chrome-services-com.patch","chrome/services/system_signals/win/metrics_utils.cc;chrome/services/system_signals/win/metrics_utils.h;chrome/services/util_win/av_products.cc;components/device_signals/core/system_signals/win/mock_wmi_client.h;components/device_signals/core/system_signals/win/wmi_client.cc;components/device_signals/core/system_signals/win/wmi_client.h;components/device_signals/core/system_signals/win/wmi_client_impl.cc;components/device_signals/core/system_signals/win/wmi_client_impl.h","chrome/services/system_signals/win/metrics_utils.cc;chrome/services/system_signals/win/metrics_utils.h;chrome/services/util_win/av_products.cc;components/device_signals/core/system_signals/win/mock_wmi_client.h;components/device_signals/core/system_signals/win/wmi_client.cc;components/device_signals/core/system_signals/win/wmi_client.h;components/device_signals/core/system_signals/win/wmi_client_impl.cc;components/device_signals/core/system_signals/win/wmi_client_impl.h"
"0122-chrome-updater-etw.patch","chrome/updater/net/network_fetcher_win.cc","chrome/updater/net/network_fetcher_win.cc"
"0123-chrome-utility-ie-import.patch","chrome/utility/importer/nss_decryptor_win.cc","chrome/utility/importer/nss_decryptor_win.cc"
"0124-chrome-utility-registry.patch","chrome/utility/importer/ie_importer_win.cc;chrome/utility/importer/ie_importer_win.h;chrome/common/importer/ie_importer_utils_win.cc;chrome/common/importer/ie_importer_utils_win.h","chrome/utility/importer/ie_importer_win.cc;chrome/utility/importer/ie_importer_win.h;chrome/common/importer/ie_importer_utils_win.cc;chrome/common/importer/ie_importer_utils_win.h"
"0125-components-crash-com.patch","components/crash/core/app/fallback_crash_handling_win.cc","components/crash/core/app/fallback_crash_handling_win.cc"
"0126-components-device_signals-com.patch","components/device_signals/core/common/win/platform_utils_win.cc","components/device_signals/core/common/win/platform_utils_win.cc"
"0127-components-gwp_asan-com.patch","components/gwp_asan/client/thread_local_state.h","components/gwp_asan/client/thread_local_state.h"
"0128-components-metrics-com-1.patch","components/metrics/system_session_analyzer/system_session_analyzer_win.cc;components/metrics/system_session_analyzer/system_session_analyzer_win.h","components/metrics/system_session_analyzer/system_session_analyzer_win.cc;components/metrics/system_session_analyzer/system_session_analyzer_win.h"
"0129-components-metrics-com.patch","components/metrics/motherboard.cc","components/metrics/motherboard.cc"
"0130-components-network_session_configurator-etw.patch","components/network_session_configurator/browser/network_session_configurator.cc;net/base/features.cc;net/base/features.h;net/http/http_stream_factory_job_controller_unittest.cc;net/quic/bidirectional_stream_quic_impl_unittest.cc;net/quic/dedicated_web_transport_http3_client.cc;net/quic/quic_chromium_client_session.cc;net/quic/quic_chromium_client_session.h;net/quic/quic_chromium_packet_reader.cc;net/quic/quic_chromium_packet_reader.h;net/quic/quic_context.h;net/quic/quic_http_stream_test.cc;net/quic/quic_proxy_client_socket_test_base.cc;net/quic/quic_session_pool.cc;net/quic/quic_session_pool.h;net/tools/quic/quic_client_message_loop_network_helper.cc;net/websockets/websocket_basic_stream_adapters_test.cc;net/websockets/websocket_handshake_stream_create_helper_test.cc;tools/metrics/histograms/metadata/net/histograms.xml;net/socket/udp_socket_win.cc","components/network_session_configurator/browser/network_session_configurator.cc;net/base/features.cc;net/base/features.h;net/http/http_stream_factory_job_controller_unittest.cc;net/quic/bidirectional_stream_quic_impl_unittest.cc;net/quic/dedicated_web_transport_http3_client.cc;net/quic/quic_chromium_client_session.cc;net/quic/quic_chromium_client_session.h;net/quic/quic_chromium_packet_reader.cc;net/quic/quic_chromium_packet_reader.h;net/quic/quic_context.h;net/quic/quic_http_stream_test.cc;net/quic/quic_proxy_client_socket_test_base.cc;net/quic/quic_session_pool.cc;net/quic/quic_session_pool.h;net/tools/quic/quic_client_message_loop_network_helper.cc;net/websockets/websocket_basic_stream_adapters_test.cc;net/websockets/websocket_handshake_stream_create_helper_test.cc;tools/metrics/histograms/metadata/net/histograms.xml;net/socket/udp_socket_win.cc"
"0131-components-os_crypt-com.patch","components/os_crypt/async/common/encryptor.cc;components/os_crypt/async/common/encryptor_mojom_traits.cc","components/os_crypt/async/common/encryptor.cc;components/os_crypt/async/common/encryptor_mojom_traits.cc"
"0132-components-paint_preview-font.patch","components/paint_preview/common/serial_utils.cc;components/services/font/public/cpp/font_loader.h;skia/BUILD.gn","components/paint_preview/common/serial_utils.cc;components/services/font/public/cpp/font_loader.h;skia/BUILD.gn"
"0133-components-policy-com.patch","components/policy/core/common/policy_loader_win.cc","components/policy/core/common/policy_loader_win.cc"
"0134-components-system_cpu-com.patch","components/system_cpu/cpu_probe_win.cc","components/system_cpu/cpu_probe_win.cc"
"0135-components-viz-dcomp.patch","components/viz/service/display_embedder/DEPS;ui/gl/DEPS","components/viz/service/display_embedder/DEPS;ui/gl/DEPS"
"0136-components-viz-webgpu.patch","components/viz/service/display_embedder/compositor_gpu_thread.cc;gpu/command_buffer/service/gles2_cmd_decoder_passthrough.cc;gpu/command_buffer/service/raster_decoder.cc;gpu/command_buffer/service/service_utils.cc;gpu/command_buffer/service/service_utils.h;gpu/command_buffer/service/shared_context_state.cc;gpu/command_buffer/service/shared_image/ahardwarebuffer_image_backing_factory.cc;gpu/command_buffer/service/shared_image/d3d_image_backing_factory.cc;gpu/command_buffer/service/shared_image/gl_common_image_backing_factory.cc;gpu/command_buffer/service/shared_image/shared_image_factory.cc;gpu/command_buffer/service/shared_image/shared_image_test_base.cc;gpu/config/gpu_info_collector.cc;gpu/ipc/in_process_command_buffer.cc;gpu/ipc/in_process_gpu_thread_holder.cc;gpu/ipc/raster_in_process_context.cc;gpu/ipc/service/gles2_command_buffer_stub.cc;gpu/ipc/service/gpu_channel_manager.h;gpu/ipc/service/gpu_init.cc;ui/gl/gl_utils.cc;ui/gl/gl_utils.h","components/viz/service/display_embedder/compositor_gpu_thread.cc;gpu/command_buffer/service/gles2_cmd_decoder_passthrough.cc;gpu/command_buffer/service/raster_decoder.cc;gpu/command_buffer/service/service_utils.cc;gpu/command_buffer/service/service_utils.h;gpu/command_buffer/service/shared_context_state.cc;gpu/command_buffer/service/shared_image/ahardwarebuffer_image_backing_factory.cc;gpu/command_buffer/service/shared_image/d3d_image_backing_factory.cc;gpu/command_buffer/service/shared_image/gl_common_image_backing_factory.cc;gpu/command_buffer/service/shared_image/shared_image_factory.cc;gpu/command_buffer/service/shared_image/shared_image_test_base.cc;gpu/config/gpu_info_collector.cc;gpu/ipc/in_process_command_buffer.cc;gpu/ipc/in_process_gpu_thread_holder.cc;gpu/ipc/raster_in_process_context.cc;gpu/ipc/service/gles2_command_buffer_stub.cc;gpu/ipc/service/gpu_channel_manager.h;gpu/ipc/service/gpu_init.cc;ui/gl/gl_utils.cc;ui/gl/gl_utils.h"
"0137-content-app-dwrite.patch","content/app/initialize_mojo_core.cc;content/browser/BUILD.gn;content/browser/browser_main_loop.cc;content/browser/font_unique_name_lookup/font_unique_name_browsertest.cc;content/browser/renderer_host/direct_manipulation_helper_win.cc;content/browser/renderer_host/dwrite_font_proxy_impl_win.cc;content/browser/renderer_host/dwrite_font_proxy_impl_win.h;content/test/BUILD.gn;content/test/dwrite_font_fake_sender_win.cc;content/test/dwrite_font_fake_sender_win.h;third_party/blink/public/mojom/dwrite_font_proxy/dwrite_font_proxy.mojom;third_party/blink/renderer/platform/fonts/win/font_unique_name_lookup_win.cc;third_party/blink/renderer/platform/fonts/win/font_unique_name_lookup_win.h","content/app/initialize_mojo_core.cc;content/browser/BUILD.gn;content/browser/browser_main_loop.cc;content/browser/font_unique_name_lookup/font_unique_name_browsertest.cc;content/browser/renderer_host/direct_manipulation_helper_win.cc;content/browser/renderer_host/dwrite_font_lookup_table_builder_win.cc;content/browser/renderer_host/dwrite_font_lookup_table_builder_win.h;content/browser/renderer_host/dwrite_font_proxy_impl_win.cc;content/browser/renderer_host/dwrite_font_proxy_impl_win.h;content/test/BUILD.gn;content/test/dwrite_font_fake_sender_win.cc;content/test/dwrite_font_fake_sender_win.h;third_party/blink/public/mojom/dwrite_font_proxy/dwrite_font_proxy.mojom;third_party/blink/renderer/platform/fonts/win/font_unique_name_lookup_win.cc;third_party/blink/renderer/platform/fonts/win/font_unique_name_lookup_win.h"
"0138-content-browser-1.patch","content/browser/devtools/devtools_pipe_handler.cc","content/browser/devtools/devtools_pipe_handler.cc"
"0139-content-browser-2.patch","content/browser/speech/tts_win.cc","content/browser/speech/tts_win.cc"
"0140-content-browser-appcontainer.patch","content/browser/renderer_host/render_process_host_impl.cc;content/browser/service_host/utility_sandbox_delegate_win.cc;sandbox/policy/switches.cc;sandbox/policy/switches.h;sandbox/policy/win/sandbox_win.cc","content/browser/renderer_host/render_process_host_impl.cc;content/browser/service_host/utility_sandbox_delegate_win.cc;sandbox/policy/switches.cc;sandbox/policy/switches.h;sandbox/policy/win/sandbox_win.cc"
"0141-content-browser-com-1.patch","content/browser/renderer_host/legacy_render_widget_host_win.cc;ui/views/win/hwnd_message_handler.cc","content/browser/renderer_host/legacy_render_widget_host_win.cc;ui/views/win/hwnd_message_handler.cc"
"0142-content-browser-com-2.patch","content/browser/gpu/gpu_data_manager_impl_private.cc;gpu/config/gpu_util.cc","content/browser/gpu/gpu_data_manager_impl_private.cc;gpu/config/gpu_util.cc"
"0143-content-browser-com.patch","content/browser/gpu/gpu_data_manager_impl_private.cc","content/browser/gpu/gpu_data_manager_impl_private.cc"
"0144-content-browser-d3d.patch","content/browser/gpu/gpu_data_manager_impl_private.cc;content/web_test/browser/web_test_browser_main_runner.cc;gpu/config/gpu_util.cc;ui/gl/gl_implementation.cc;ui/gl/gl_implementation.h","content/browser/gpu/gpu_data_manager_impl_private.cc;content/web_test/browser/web_test_browser_main_runner.cc;gpu/config/gpu_util.cc;ui/gl/gl_implementation.cc;ui/gl/gl_implementation.h"
"0145-content-browser-dwrite-1.patch","content/browser/renderer_host/dwrite_font_proxy_impl_win.cc;content/browser/renderer_host/dwrite_font_proxy_impl_win.h;content/child/dwrite_font_proxy/dwrite_font_proxy_init_impl_win.cc;content/test/dwrite_font_fake_sender_win.cc;content/test/dwrite_font_fake_sender_win.h;third_party/blink/public/mojom/dwrite_font_proxy/dwrite_font_proxy.mojom;third_party/blink/public/web/win/web_font_rendering.h;third_party/blink/renderer/core/layout/web_font_rendering_win.cc;third_party/blink/renderer/platform/BUILD.gn;third_party/blink/renderer/platform/fonts/font_cache.cc;third_party/blink/renderer/platform/fonts/win/font_cache_skia_win.cc;third_party/blink/renderer/platform/fonts/win/font_fallback_win.cc;third_party/blink/renderer/platform/fonts/win/font_fallback_win.h","content/browser/renderer_host/dwrite_font_proxy_impl_win.cc;content/browser/renderer_host/dwrite_font_proxy_impl_win.h;content/child/dwrite_font_proxy/dwrite_font_proxy_init_impl_win.cc;content/test/dwrite_font_fake_sender_win.cc;content/test/dwrite_font_fake_sender_win.h;third_party/blink/public/mojom/dwrite_font_proxy/dwrite_font_proxy.mojom;third_party/blink/public/web/win/web_font_rendering.h;third_party/blink/renderer/core/layout/web_font_rendering_win.cc;third_party/blink/renderer/platform/BUILD.gn;third_party/blink/renderer/platform/fonts/font_cache.cc;third_party/blink/renderer/platform/fonts/win/fallback_family_style_cache_win.cc;third_party/blink/renderer/platform/fonts/win/fallback_family_style_cache_win.h;third_party/blink/renderer/platform/fonts/win/fallback_lru_cache_win_test.cc;third_party/blink/renderer/platform/fonts/win/font_cache_skia_win.cc;third_party/blink/renderer/platform/fonts/win/font_fallback_win.cc;third_party/blink/renderer/platform/fonts/win/font_fallback_win.h"
"0146-content-browser-dwrite-2.patch","content/browser/renderer_host/dwrite_font_proxy_impl_win.cc;content/browser/renderer_host/dwrite_font_proxy_impl_win.h;content/web_test/browser/web_test_browser_main_platform_support_win.cc;content/web_test/browser/web_test_content_browser_client.cc;content/web_test/renderer/web_test_content_renderer_client.cc","content/browser/renderer_host/dwrite_font_proxy_impl_win.cc;content/browser/renderer_host/dwrite_font_proxy_impl_win.h;content/web_test/browser/web_test_browser_main_platform_support_win.cc;content/web_test/browser/web_test_content_browser_client.cc;content/web_test/renderer/web_test_content_renderer_client.cc"
"0147-content-browser-dwrite-3.patch","content/browser/renderer_host/dwrite_font_proxy_impl_win_unittest.cc;third_party/blink/common/BUILD.gn;third_party/blink/public/common/BUILD.gn","content/browser/renderer_host/dwrite_font_proxy_impl_win_unittest.cc;third_party/blink/common/BUILD.gn;third_party/blink/public/common/BUILD.gn"
"0148-content-browser-dwrite.patch","content/browser/renderer_host/render_process_host_impl.cc;content/public/common/content_features.cc;content/public/common/content_switches.cc;content/public/common/content_switches.h;content/renderer/render_view_browsertest.cc;content/renderer/renderer_blink_platform_impl.cc;content/renderer/renderer_blink_platform_impl.h;third_party/blink/public/platform/platform.h;third_party/blink/renderer/platform/peerconnection/rtc_video_decoder_adapter.cc;content/browser/renderer_host/media/media_devices_manager.cc","content/browser/renderer_host/render_process_host_impl.cc;content/public/common/content_features.cc;content/public/common/content_switches.cc;content/public/common/content_switches.h;content/renderer/render_view_browsertest.cc;content/renderer/renderer_blink_platform_impl.cc;content/renderer/renderer_blink_platform_impl.h;third_party/blink/public/platform/platform.h;third_party/blink/renderer/platform/peerconnection/rtc_video_decoder_adapter.cc;content/browser/renderer_host/media/media_devices_manager.cc"
"0149-content-browser-sandbox-1.patch","content/browser/gpu/gpu_process_host.cc;gpu/config/gpu_switching.cc;ui/gl/gl_switches.cc;ui/gl/gl_switches.h","content/browser/gpu/gpu_process_host.cc;gpu/config/gpu_switching.cc;ui/gl/gl_switches.cc;ui/gl/gl_switches.h"
"0150-content-browser-sandbox-2.patch","content/browser/gpu/gpu_process_host.cc","content/browser/gpu/gpu_process_host.cc"
"0151-content-browser-sandbox-3.patch","content/browser/sandbox_support_win_impl.cc","content/browser/sandbox_support_win_impl.cc"
"0152-content-browser-sandbox-4.patch","content/browser/service_host/utility_sandbox_delegate_win.cc","content/browser/service_host/utility_sandbox_delegate_win.cc"
"0153-content-browser-sandbox.patch","content/browser/gpu/gpu_process_host.cc;sandbox/policy/win/sandbox_win.cc","content/browser/gpu/gpu_process_host.cc;sandbox/policy/win/sandbox_win.cc"
"0154-content-browser.patch","content/browser/renderer_host/direct_manipulation_helper_win.cc;ui/views/win/hwnd_message_handler.cc","content/browser/renderer_host/direct_manipulation_helper_win.cc;ui/views/win/hwnd_message_handler.cc"
"0155-content-child-dwrite-1.patch","content/child/dwrite_font_proxy/dwrite_font_proxy_init_impl_win.cc","content/child/dwrite_font_proxy/dwrite_font_proxy_init_impl_win.cc"
"0156-content-child-dwrite.patch","content/child/BUILD.gn;content/child/dwrite_font_proxy/dwrite_font_proxy_init_impl_win.cc;ui/gfx/BUILD.gn;ui/gfx/win/direct_write.cc","content/child/BUILD.gn;content/child/dwrite_font_proxy/dwrite_font_proxy_init_impl_win.cc;ui/gfx/BUILD.gn;ui/gfx/win/direct_write.cc"
"0157-content-child-font.patch","content/child/font_warmup_win.cc","content/child/font_warmup_win.cc"
"0158-content-common-dwrite-1.patch","content/common/font_list_win.cc","content/common/font_list_win.cc"
"0159-content-common-dwrite-2.patch","content/common/features.cc","content/common/features.cc"
"0160-content-common-dwrite.patch","content/common/features.cc","content/common/features.cc"
"0161-content-renderer-dcomp.patch","content/renderer/render_thread_impl.cc;third_party/blink/public/platform/scheduler/test/web_mock_thread_scheduler.h;third_party/blink/public/platform/scheduler/web_thread_scheduler.h;third_party/blink/renderer/platform/scheduler/common/dummy_schedulers.cc;third_party/blink/renderer/platform/scheduler/common/web_thread_scheduler.cc;third_party/blink/renderer/platform/scheduler/main_thread/main_thread_scheduler_impl.cc;third_party/blink/renderer/platform/scheduler/main_thread/main_thread_scheduler_impl.h","content/renderer/render_thread_impl.cc;third_party/blink/public/platform/scheduler/test/web_mock_thread_scheduler.h;third_party/blink/public/platform/scheduler/web_thread_scheduler.h;third_party/blink/renderer/platform/scheduler/common/dummy_schedulers.cc;third_party/blink/renderer/platform/scheduler/common/web_thread_scheduler.cc;third_party/blink/renderer/platform/scheduler/main_thread/main_thread_scheduler_impl.cc;third_party/blink/renderer/platform/scheduler/main_thread/main_thread_scheduler_impl.h"
"0162-content-web_test-dwrite.patch","content/web_test/browser/web_test_browser_main_platform_support_win.cc;ui/gfx/win/direct_write.cc;ui/gfx/win/direct_write.h","content/web_test/browser/web_test_browser_main_platform_support_win.cc;ui/gfx/win/direct_write.cc;ui/gfx/win/direct_write.h"
"0163-content-web_test-font.patch","content/web_test/browser/web_test_content_browser_client.cc;third_party/blink/public/web/win/web_font_rendering.h;third_party/blink/renderer/core/layout/web_font_rendering_win.cc;third_party/blink/renderer/platform/fonts/font_cache.h;third_party/blink/renderer/platform/fonts/skia/font_cache_skia.cc;third_party/blink/renderer/platform/fonts/win/font_cache_skia_win.cc;third_party/blink/renderer/platform/BUILD.gn;build/config/freetype/BUILD.gn","content/web_test/browser/web_test_content_browser_client.cc;third_party/blink/public/web/win/web_font_rendering.h;third_party/blink/renderer/core/layout/web_font_rendering_win.cc;third_party/blink/renderer/platform/fonts/font_cache.h;third_party/blink/renderer/platform/fonts/skia/font_cache_skia.cc;third_party/blink/renderer/platform/fonts/win/font_cache_skia_win.cc;third_party/blink/renderer/platform/BUILD.gn;build/config/freetype/BUILD.gn"
"0164-crypto-process_bound_string.cc.patch","crypto/process_bound_string.cc","crypto/process_bound_string.cc"
"0165-crypto-unexportable_key_win.cc-ie-import.patch","crypto/unexportable_key_win.cc","crypto/unexportable_key_win.cc"
"0166-device-base-winrt.patch","device/base/features.cc;device/base/features.h;device/bluetooth/bluetooth_adapter_win.cc;device/bluetooth/bluetooth_adapter_win.h;device/bluetooth/bluetooth_device.h;device/bluetooth/bluetooth_remote_gatt_service_unittest.cc;device/bluetooth/test/bluetooth_test_win.h","device/base/features.cc;device/base/features.h;device/bluetooth/bluetooth_adapter_win.cc;device/bluetooth/bluetooth_adapter_win.h;device/bluetooth/bluetooth_device.h;device/bluetooth/bluetooth_remote_gatt_service_unittest.cc;device/bluetooth/test/bluetooth_test_win.h"
"0167-device-bluetooth-winrt.patch","device/bluetooth/bluetooth_adapter_factory.cc;device/bluetooth/bluetooth_adapter_win.cc;device/bluetooth/bluetooth_adapter_win.h;device/bluetooth/bluetooth_low_energy_win.cc;device/bluetooth/bluetooth_low_energy_win.h;device/bluetooth/bluetooth_low_energy_win_fake.cc;device/bluetooth/bluetooth_low_energy_win_fake.h;device/bluetooth/bluetooth_task_manager_win.cc;device/bluetooth/test/bluetooth_test_win.h;device/gamepad/gamepad_platform_data_fetcher.h;device/gamepad/wgi_data_fetcher_win_unittest.cc;device/gamepad/xinput_data_fetcher_win.cc","device/bluetooth/bluetooth_adapter_factory.cc;device/bluetooth/bluetooth_adapter_win.cc;device/bluetooth/bluetooth_adapter_win.h;device/bluetooth/bluetooth_low_energy_win.cc;device/bluetooth/bluetooth_low_energy_win.h;device/bluetooth/bluetooth_low_energy_win_fake.cc;device/bluetooth/bluetooth_low_energy_win_fake.h;device/bluetooth/bluetooth_task_manager_win.cc;device/bluetooth/test/bluetooth_test_win.h;device/gamepad/gamepad_platform_data_fetcher.h;device/gamepad/wgi_data_fetcher_win_unittest.cc;device/gamepad/xinput_data_fetcher_win.cc"
"0168-device-BUILD.gn-dwrite.patch","device/BUILD.gn;device/bluetooth/BUILD.gn;device/bluetooth/bluetooth_device_win.cc;device/bluetooth/bluetooth_device_win.h;device/bluetooth/bluetooth_task_manager_win.cc;device/bluetooth/bluetooth_task_manager_win.h;device/bluetooth/test/bluetooth_test_win.cc","device/BUILD.gn;device/bluetooth/BUILD.gn;device/bluetooth/bluetooth_device_win.cc;device/bluetooth/bluetooth_device_win.h;device/bluetooth/bluetooth_low_energy_defs_win.cc;device/bluetooth/bluetooth_low_energy_defs_win.h;device/bluetooth/bluetooth_low_energy_win.cc;device/bluetooth/bluetooth_low_energy_win.h;device/bluetooth/bluetooth_low_energy_win_unittest.cc;device/bluetooth/bluetooth_remote_gatt_characteristic_win.cc;device/bluetooth/bluetooth_remote_gatt_characteristic_win.h;device/bluetooth/bluetooth_remote_gatt_descriptor_win.cc;device/bluetooth/bluetooth_remote_gatt_descriptor_win.h;device/bluetooth/bluetooth_remote_gatt_service_win.cc;device/bluetooth/bluetooth_remote_gatt_service_win.h;device/bluetooth/bluetooth_task_manager_win.cc;device/bluetooth/bluetooth_task_manager_win.h;device/bluetooth/test/bluetooth_test_win.cc"
"0169-device-BUILD.gn-winrt.patch","device/BUILD.gn;device/bluetooth/bluetooth_adapter_win.cc;device/bluetooth/bluetooth_adapter_win.h;device/bluetooth/bluetooth_adapter_win_unittest.cc;device/bluetooth/bluetooth_task_manager_win.cc;device/bluetooth/bluetooth_task_manager_win.h;device/bluetooth/test/bluetooth_test_win.h","device/BUILD.gn;device/bluetooth/bluetooth_adapter_win.cc;device/bluetooth/bluetooth_adapter_win.h;device/bluetooth/bluetooth_adapter_win_unittest.cc;device/bluetooth/bluetooth_low_energy_win_fake.cc;device/bluetooth/bluetooth_low_energy_win_fake.h;device/bluetooth/bluetooth_task_manager_win.cc;device/bluetooth/bluetooth_task_manager_win.h;device/bluetooth/test/bluetooth_test_win.h"
"0170-device-gamepad.patch","device/gamepad/xinput_data_fetcher_win.cc;device/gamepad/xinput_data_fetcher_win.h","device/gamepad/xinput_data_fetcher_win.cc;device/gamepad/xinput_data_fetcher_win.h"
"0171-device-vr-dcomp.patch","device/vr/openxr/windows/openxr_graphics_binding_d3d11.cc;device/vr/windows/d3d11_texture_helper.cc;gpu/command_buffer/service/dawn_context_provider.cc;gpu/command_buffer/service/dxgi_shared_handle_manager.cc;gpu/command_buffer/service/shared_image/d3d11_image_same_adapter_copy_strategy.cc;gpu/command_buffer/service/shared_image/d3d_image_backing.cc;gpu/command_buffer/service/shared_image/d3d_image_backing_factory.cc;gpu/command_buffer/service/shared_image/dxgi_swap_chain_image_backing.cc;gpu/command_buffer/service/webgpu_decoder_impl.cc;gpu/config/gpu_info_collector_win.cc;gpu/ipc/common/dxgi_helpers.cc;gpu/ipc/service/gpu_channel_manager.cc;media/base/win/mf_helpers.cc;media/capture/video/win/video_capture_device_mf_win.cc;media/gpu/windows/d3d11_texture_wrapper.cc;media/gpu/windows/d3d12_video_encode_accelerator.cc;media/gpu/windows/media_foundation_video_encode_accelerator_win.cc;media/renderers/win/media_foundation_renderer.cc;ui/gl/direct_composition_support.cc;ui/gl/hdr_metadata_helper_win.cc;ui/gl/swap_chain_presenter.cc","device/vr/openxr/windows/openxr_graphics_binding_d3d11.cc;device/vr/windows/d3d11_texture_helper.cc;gpu/command_buffer/service/dawn_context_provider.cc;gpu/command_buffer/service/dxgi_shared_handle_manager.cc;gpu/command_buffer/service/shared_image/d3d11_image_same_adapter_copy_strategy.cc;gpu/command_buffer/service/shared_image/d3d_image_backing.cc;gpu/command_buffer/service/shared_image/d3d_image_backing_factory.cc;gpu/command_buffer/service/shared_image/dxgi_swap_chain_image_backing.cc;gpu/command_buffer/service/webgpu_decoder_impl.cc;gpu/config/gpu_info_collector_win.cc;gpu/ipc/common/dxgi_helpers.cc;gpu/ipc/service/gpu_channel_manager.cc;media/base/win/mf_helpers.cc;media/capture/video/win/video_capture_device_mf_win.cc;media/gpu/windows/d3d11_texture_wrapper.cc;media/gpu/windows/d3d12_video_encode_accelerator.cc;media/gpu/windows/media_foundation_video_encode_accelerator_win.cc;media/renderers/win/media_foundation_renderer.cc;ui/gl/direct_composition_support.cc;ui/gl/hdr_metadata_helper_win.cc;ui/gl/swap_chain_presenter.cc"
"0172-gpu-command_buffer-com-1.patch","gpu/command_buffer/service/feature_info.cc;ui/gl/gl_context.cc;ui/gl/gl_implementation.cc;ui/gl/gl_implementation.h;ui/gl/init/gl_factory.cc;ui/gl/mojom/gl_implementation.mojom;ui/gl/mojom/gl_implementation_mojom_traits.cc","gpu/command_buffer/service/feature_info.cc;ui/gl/gl_context.cc;ui/gl/gl_implementation.cc;ui/gl/gl_implementation.h;ui/gl/init/gl_factory.cc;ui/gl/mojom/gl_implementation.mojom;ui/gl/mojom/gl_implementation_mojom_traits.cc"
"0173-gpu-command_buffer-com.patch","gpu/command_buffer/service/context_group.cc;gpu/command_buffer/service/context_group.h;gpu/command_buffer/tests/fuzzer_main.cc;gpu/command_buffer/tests/gl_manager.cc;gpu/ipc/in_process_command_buffer.cc;gpu/ipc/service/gles2_command_buffer_stub.cc","gpu/command_buffer/service/context_group.cc;gpu/command_buffer/service/context_group.h;gpu/command_buffer/tests/fuzzer_main.cc;gpu/command_buffer/tests/gl_manager.cc;gpu/ipc/in_process_command_buffer.cc;gpu/ipc/service/gles2_command_buffer_stub.cc"
"0174-gpu-command_buffer-compare-handles.patch","gpu/command_buffer/service/BUILD.gn;gpu/command_buffer/service/dxgi_shared_handle_manager.cc;ui/gfx/BUILD.gn;ui/gfx/win/d3d_shared_fence.cc","gpu/command_buffer/service/BUILD.gn;gpu/command_buffer/service/dxgi_shared_handle_manager.cc;ui/gfx/BUILD.gn;ui/gfx/win/d3d_shared_fence.cc"
"0175-gpu-command_buffer-font.patch","gpu/command_buffer/service/shared_image/skia_vk_android_image_representation.cc;skia/BUILD.gn;skia/ext/font_utils.cc","gpu/command_buffer/service/shared_image/skia_vk_android_image_representation.cc;skia/BUILD.gn;skia/ext/font_utils.cc"
"0176-gpu-command_buffer-sandbox.patch","gpu/command_buffer/service/gles2_cmd_decoder.cc;gpu/ipc/service/gpu_init.cc","gpu/command_buffer/service/gles2_cmd_decoder.cc;gpu/ipc/service/gpu_init.cc"
"0177-gpu-command_buffer-webgpu-1.patch","gpu/command_buffer/service/dawn_context_provider.cc;gpu/command_buffer/service/shared_image/d3d_image_backing_factory.cc;gpu/command_buffer/service/shared_image/dxgi_swap_chain_image_backing.cc;gpu/command_buffer/service/webgpu_decoder_impl.cc;gpu/config/gpu_info_collector_win.cc;media/gpu/windows/d3d11_video_decoder.cc;media/gpu/windows/media_foundation_video_encode_accelerator_win.cc;media/gpu/windows/supported_profile_helpers.cc;media/renderers/win/media_foundation_renderer.cc;ui/gl/direct_composition_support.cc;ui/gl/hdr_metadata_helper_win.cc;ui/gl/swap_chain_presenter.cc","gpu/command_buffer/service/dawn_context_provider.cc;gpu/command_buffer/service/shared_image/d3d_image_backing_factory.cc;gpu/command_buffer/service/shared_image/dxgi_swap_chain_image_backing.cc;gpu/command_buffer/service/webgpu_decoder_impl.cc;gpu/config/gpu_info_collector_win.cc;media/gpu/windows/d3d11_video_decoder.cc;media/gpu/windows/media_foundation_video_encode_accelerator_win.cc;media/gpu/windows/supported_profile_helpers.cc;media/renderers/win/media_foundation_renderer.cc;ui/gl/direct_composition_support.cc;ui/gl/hdr_metadata_helper_win.cc;ui/gl/swap_chain_presenter.cc"
"0178-gpu-command_buffer-webgpu.patch","gpu/command_buffer/service/webgpu_decoder_unittest.cc;gpu/command_buffer/tests/webgpu_test.cc;gpu/config/gpu_driver_bug_list.json;gpu/config/gpu_test_config.cc;gpu/config/gpu_test_config.h;gpu/config/gpu_test_config_unittest.cc;gpu/config/gpu_test_expectations_parser.cc","gpu/command_buffer/service/webgpu_decoder_unittest.cc;gpu/command_buffer/tests/webgpu_test.cc;gpu/config/gpu_driver_bug_list.json;gpu/config/gpu_test_config.cc;gpu/config/gpu_test_config.h;gpu/config/gpu_test_config_unittest.cc;gpu/config/gpu_test_expectations_parser.cc"
"0179-gpu-config-com.patch","gpu/config/gpu_preferences.h;gpu/ipc/common/gpu_preferences.mojom;gpu/ipc/common/gpu_preferences_mojom_traits.h;media/gpu/gpu_video_encode_accelerator_factory.cc;remoting/codec/webrtc_video_encoder_gpu.cc","gpu/config/gpu_preferences.h;gpu/ipc/common/gpu_preferences.mojom;gpu/ipc/common/gpu_preferences_mojom_traits.h;media/gpu/gpu_video_encode_accelerator_factory.cc;remoting/codec/webrtc_video_encoder_gpu.cc"
"0180-gpu-config-d3d-1.patch","gpu/config/gpu_info_collector_win.cc","gpu/config/gpu_info_collector_win.cc"
"0181-gpu-config-d3d.patch","gpu/config/gpu_info_collector_win.cc;gpu/ipc/service/gpu_watchdog_thread.cc","gpu/config/gpu_info_collector_win.cc;gpu/ipc/service/gpu_watchdog_thread.cc"
"0182-gpu-config-registry.patch","gpu/config/gpu_test_config.cc;media/audio/win/audio_manager_win.cc;media/audio/win/core_audio_util_win.cc;rlz/win/lib/process_info.cc;rlz/win/lib/registry_util.cc;services/device/battery/battery_status_manager_win.cc;ui/base/win/power_setting_change_listener.cc","gpu/config/gpu_test_config.cc;media/audio/win/audio_manager_win.cc;media/audio/win/core_audio_util_win.cc;rlz/win/lib/process_info.cc;rlz/win/lib/registry_util.cc;services/device/battery/battery_status_manager_win.cc;ui/base/win/power_setting_change_listener.cc"
"0183-media-audio-d3d.patch","media/audio/win/core_audio_util_win.cc;media/audio/win/core_audio_util_win.h;media/audio/win/core_audio_util_win_unittest.cc;media/base/win/dxgi_device_manager.cc;media/base/win/dxgi_device_scope_handle_unittest.cc;media/capture/video/win/video_capture_device_factory_win.cc;media/capture/video/win/video_capture_device_utils_win.cc;media/gpu/windows/mf_video_encoder_util.cc;media/gpu/windows/mf_video_encoder_util.h;media/gpu/windows/mf_video_encoder_shared_state.h;media/gpu/windows/mf_video_encoder_shared_state.cc;media/gpu/windows/media_foundation_video_encode_accelerator_win.cc;media/gpu/windows/media_foundation_video_encode_accelerator_win.h;media/gpu/windows/mf_audio_encoder.cc;media/gpu/windows/supported_profile_helpers.cc;media/midi/midi_manager_win.cc;media/mojo/services/gpu_mojo_media_client_win.cc;media/renderers/win/media_foundation_renderer.cc;media/renderers/win/media_foundation_renderer.h","media/audio/win/core_audio_util_win.cc;media/audio/win/core_audio_util_win.h;media/audio/win/core_audio_util_win_unittest.cc;media/base/win/dxgi_device_manager.cc;media/base/win/dxgi_device_scope_handle_unittest.cc;media/capture/video/win/video_capture_device_factory_win.cc;media/capture/video/win/video_capture_device_utils_win.cc;media/gpu/windows/mf_video_encoder_util.cc;media/gpu/windows/mf_video_encoder_util.h;media/gpu/windows/mf_video_encoder_shared_state.h;media/gpu/windows/mf_video_encoder_shared_state.cc;media/gpu/windows/media_foundation_video_encode_accelerator_win.cc;media/gpu/windows/media_foundation_video_encode_accelerator_win.h;media/gpu/windows/mf_audio_encoder.cc;media/gpu/windows/supported_profile_helpers.cc;media/midi/midi_manager_win.cc;media/mojo/services/gpu_mojo_media_client_win.cc;media/renderers/win/media_foundation_renderer.cc;media/renderers/win/media_foundation_renderer.h"
"0184-media-audio-etw.patch","media/audio/BUILD.gn;media/audio/win/audio_manager_win.cc;media/audio/win/audio_manager_win.h;media/audio/win/device_enumeration_win.cc;media/audio/win/device_enumeration_win.h","media/audio/BUILD.gn;media/audio/win/audio_manager_win.cc;media/audio/win/audio_manager_win.h;media/audio/win/device_enumeration_win.cc;media/audio/win/device_enumeration_win.h;media/audio/win/wavein_input_win.cc;media/audio/win/wavein_input_win.h"
"0185-media-base-com.patch","media/base/win/media_foundation_package_locator_helper.cc","media/base/win/media_foundation_package_locator_helper.cc"
"0186-media-capture.patch","media/capture/video/win/video_capture_device_utils_win.cc","media/capture/video/win/video_capture_device_utils_win.cc"
"0187-media-gpu-com.patch","media/gpu/gpu_video_encode_accelerator_factory.cc","media/gpu/gpu_video_encode_accelerator_factory.cc"
"0188-media-gpu-d3d.patch","media/gpu/av1_decoder.cc;media/gpu/av1_decoder_unittest.cc;media/gpu/windows/d3d11_decoder_configurator.cc;media/gpu/windows/d3d12_video_decoder_wrapper.cc;media/test/data/README.md;media/test/media_bundle_data.filelist;media/unit_tests_bundle_data.filelist","media/gpu/av1_decoder.cc;media/gpu/av1_decoder_unittest.cc;media/gpu/windows/d3d11_decoder_configurator.cc;media/gpu/windows/d3d12_video_decoder_wrapper.cc;media/test/data/README.md;media/test/media_bundle_data.filelist;media/unit_tests_bundle_data.filelist"
"0189-media-mojo-d3d.patch","media/mojo/services/gpu_mojo_media_client_win.cc;services/device/wake_lock/power_save_blocker/power_save_blocker_win.cc;services/shape_detection/face_detection_provider_win.cc;services/shape_detection/text_detection_impl_win.cc;services/shape_detection/text_detection_impl_win_unittest.cc","media/mojo/services/gpu_mojo_media_client_win.cc;services/device/wake_lock/power_save_blocker/power_save_blocker_win.cc;services/shape_detection/face_detection_provider_win.cc;services/shape_detection/text_detection_impl_win.cc;services/shape_detection/text_detection_impl_win_unittest.cc"
"0190-mojo-core-ipcz-1.patch","mojo/core/ipcz_driver/invitation.cc","mojo/core/ipcz_driver/invitation.cc"
"0191-mojo-core-ipcz.patch","mojo/core/embedder/embedder.cc;mojo/core/embedder/features.cc;mojo/features.gni","mojo/core/embedder/embedder.cc;mojo/core/embedder/features.cc;mojo/features.gni"
"0192-mojo-core-sandbox.patch","mojo/core/embedder/embedder.cc;mojo/core/embedder/embedder.h","mojo/core/embedder/embedder.cc;mojo/core/embedder/embedder.h"
"0193-net-base.patch","net/base/ip_endpoint.cc","net/base/ip_endpoint.cc"
"0194-net-BUILD.gn-com.patch","net/BUILD.gn;net/ssl/ssl_platform_key_win.cc;crypto/scoped_cng_types.h","net/BUILD.gn;net/ssl/ssl_platform_key_win.cc;crypto/scoped_cng_types.h"
"0195-net-cert-com.patch","net/cert/cert_verify_proc.cc","net/cert/cert_verify_proc.cc"
"0196-net-cert-etw.patch","net/cert/cert_verify_proc.cc;net/cert/cert_verify_proc.h;net/cert/cert_verify_result.cc;net/cert/cert_verify_result.h;net/tools/cert_verify_tool/verify_using_cert_verify_proc.cc;services/network/public/cpp/net_ipc_param_traits.cc","net/cert/cert_verify_proc.cc;net/cert/cert_verify_proc.h;net/cert/cert_verify_result.cc;net/cert/cert_verify_result.h;net/tools/cert_verify_tool/verify_using_cert_verify_proc.cc;services/network/public/cpp/net_ipc_param_traits.cc"
"0197-net-proxy_resolution-com.patch","net/proxy_resolution/win/winhttp_status.h;services/proxy_resolver_win/BUILD.gn;services/proxy_resolver_win/public/cpp/proxy_resolver_win_mojom_traits.cc;services/proxy_resolver/public/mojom/proxy_resolver.mojom;services/proxy_resolver_win/windows_system_proxy_resolver_impl.cc;services/proxy_resolver_win/winhttp_api_wrapper_impl.cc","net/proxy_resolution/win/winhttp_status.h;services/proxy_resolver_win/BUILD.gn;services/proxy_resolver_win/public/cpp/proxy_resolver_win_mojom_traits.cc;services/proxy_resolver/public/mojom/proxy_resolver.mojom;services/proxy_resolver_win/windows_system_proxy_resolver_impl.cc;services/proxy_resolver_win/winhttp_api_wrapper_impl.cc;services/proxy_resolver_win/winhttp_proxy_resolver_functions.cc;services/proxy_resolver_win/winhttp_proxy_resolver_functions.h"
"0198-net-socket-com.patch","net/socket/tcp_socket_io_completion_port_win.cc","net/socket/tcp_socket_io_completion_port_win.cc"
"0199-net-ssl-com.patch","net/ssl/ssl_platform_key_win.cc","net/ssl/ssl_platform_key_win.cc"
"0200-net-third_party-etw.patch","net/third_party/quiche/src/quiche/common/quiche_ip_address.cc","net/third_party/quiche/src/quiche/common/quiche_ip_address.cc"
"0201-remoting-base-etw.patch","remoting/base/url_request_context_getter.cc;remoting/host/desktop_session_win.cc;remoting/host/host_attributes.cc;remoting/host/input_injector_win.cc;remoting/host/remote_open_url/remote_open_url_util.cc;remoting/host/win/evaluate_3d_display_mode.cc","remoting/base/url_request_context_getter.cc;remoting/host/desktop_session_win.cc;remoting/host/host_attributes.cc;remoting/host/input_injector_win.cc;remoting/host/remote_open_url/remote_open_url_util.cc;remoting/host/win/evaluate_3d_display_mode.cc"
"0202-sandbox-features.cc-appcontainer.patch","sandbox/features.cc;sandbox/features.h;sandbox/policy/switches.cc;sandbox/win/src/address_sanitizer_test.cc;sandbox/win/src/filesystem_policy.cc;sandbox/win/src/handle_inheritance_test.cc;sandbox/win/src/heap_helper.cc;sandbox/win/src/job.cc;sandbox/win/src/policy_broker.cc;sandbox/win/src/process_mitigations_win32k_dispatcher.cc;sandbox/win/src/process_thread_interception.cc;sandbox/win/src/restricted_token_utils.cc;sandbox/win/src/sandbox_policy_base.cc;sandbox/win/src/startup_information_helper.cc;sandbox/win/src/startup_information_helper.h;sandbox/win/src/target_process.cc;sandbox/win/src/target_services.cc;sandbox/win/src/window.cc;sandbox/win/tests/integration_tests/cfi_unittest.cc","sandbox/features.cc;sandbox/features.h;sandbox/policy/switches.cc;sandbox/win/src/address_sanitizer_test.cc;sandbox/win/src/filesystem_policy.cc;sandbox/win/src/handle_inheritance_test.cc;sandbox/win/src/heap_helper.cc;sandbox/win/src/job.cc;sandbox/win/src/policy_broker.cc;sandbox/win/src/process_mitigations_win32k_dispatcher.cc;sandbox/win/src/process_thread_interception.cc;sandbox/win/src/restricted_token_utils.cc;sandbox/win/src/sandbox_policy_base.cc;sandbox/win/src/startup_information_helper.cc;sandbox/win/src/startup_information_helper.h;sandbox/win/src/target_process.cc;sandbox/win/src/target_services.cc;sandbox/win/src/window.cc;sandbox/win/tests/integration_tests/cfi_unittest.cc"
"0203-sandbox-policy-appcontainer-1.patch","sandbox/policy/win/sandbox_win.cc","sandbox/policy/win/sandbox_win.cc"
"0204-sandbox-policy-appcontainer-2.patch","sandbox/policy/win/sandbox_win.cc;sandbox/win/src/process_mitigations.cc","sandbox/policy/win/sandbox_win.cc;sandbox/win/src/process_mitigations.cc"
"0205-sandbox-policy-appcontainer.patch","sandbox/policy/win/sandbox_win.cc;sandbox/win/src/broker_services.cc;sandbox/win/src/broker_services.h;sandbox/win/src/job.cc;sandbox/win/src/job.h;sandbox/win/src/job_unittest.cc;sandbox/win/src/restricted_token_utils.cc;sandbox/win/src/sandbox_policy_base.cc","sandbox/policy/win/sandbox_win.cc;sandbox/win/src/broker_services.cc;sandbox/win/src/broker_services.h;sandbox/win/src/job.cc;sandbox/win/src/job.h;sandbox/win/src/job_unittest.cc;sandbox/win/src/restricted_token_utils.cc;sandbox/win/src/sandbox_policy_base.cc"
"0206-sandbox-policy-sandbox-1.patch","sandbox/policy/win/hook_util/hook_util.cc;sandbox/policy/win/hook_util/hook_util.h;chrome/chrome_elf/third_party_dlls/hook.cc;sandbox/win/src/interception.cc;sandbox/win/src/service_resolver.h;sandbox/win/src/service_resolver_32.cc;sandbox/win/src/service_resolver_64.cc","sandbox/policy/win/hook_util/hook_util.cc;sandbox/policy/win/hook_util/hook_util.h;chrome/chrome_elf/third_party_dlls/hook.cc;sandbox/win/src/interception.cc;sandbox/win/src/service_resolver.h;sandbox/win/src/service_resolver_32.cc;sandbox/win/src/service_resolver_64.cc"
"0207-sandbox-policy-sandbox.patch","sandbox/policy/win/sandbox_win.cc","sandbox/policy/win/sandbox_win.cc"
"0208-sandbox-win-appcontainer-1.patch","sandbox/win/src/broker_services.cc;sandbox/win/src/job.cc;sandbox/win/src/job_unittest.cc;sandbox/win/src/sandbox_policy_base.cc;sandbox/win/src/sandbox_policy_diagnostic.cc;sandbox/win/src/sandbox_policy_diagnostic.h;sandbox/win/src/security_level.h","sandbox/win/src/broker_services.cc;sandbox/win/src/job.cc;sandbox/win/src/job_unittest.cc;sandbox/win/src/sandbox_policy_base.cc;sandbox/win/src/sandbox_policy_diagnostic.cc;sandbox/win/src/sandbox_policy_diagnostic.h;sandbox/win/src/security_level.h"
"0209-sandbox-win-appcontainer.patch","sandbox/win/BUILD.gn;sandbox/win/src/app_container_base.cc","sandbox/win/BUILD.gn;sandbox/win/src/app_container_base.cc"
"0210-sandbox-win-dcomp-1.patch","sandbox/win/BUILD.gn;sandbox/win/src/startup_information_helper.cc;sandbox/win/src/handle_inheritance_test.cc;sandbox/win/src/interception.cc;sandbox/win/src/policy_broker.cc;sandbox/win/src/process_mitigations.cc;sandbox/win/src/restricted_token_utils.cc;sandbox/win/src/broker_services.cc;sandbox/win/src/target_services.cc;sandbox/win/src/restricted_token.cc;sandbox/win/src/win_utils.cc;sandbox/win/src/win_utils.h","sandbox/win/BUILD.gn;sandbox/win/src/Wow64.cc;sandbox/win/src/Wow64.h;sandbox/win/src/Wow64_64.cc;sandbox/win/src/startup_information_helper.cc;sandbox/win/src/handle_inheritance_test.cc;sandbox/win/src/interception.cc;sandbox/win/src/policy_broker.cc;sandbox/win/src/process_mitigations.cc;sandbox/win/src/restricted_token_utils.cc;sandbox/win/src/broker_services.cc;sandbox/win/src/target_services.cc;sandbox/win/src/restricted_token.cc;sandbox/win/src/win_utils.cc;sandbox/win/src/win_utils.h"
"0211-sandbox-win-dcomp.patch","sandbox/win/src/broker_services.cc","sandbox/win/src/broker_services.cc"
"0212-sandbox-win-sandbox-1.patch","sandbox/win/src/handle_closer_agent.cc","sandbox/win/src/handle_closer_agent.cc"
"0213-sandbox-win-sandbox-2.patch","sandbox/win/src/handle_closer_agent.cc;sandbox/win/src/win_utils.cc;sandbox/win/src/win_utils.h","sandbox/win/src/handle_closer_agent.cc;sandbox/win/src/win_utils.cc;sandbox/win/src/win_utils.h"
"0214-sandbox-win-sandbox-3.patch","sandbox/win/src/handle_closer_agent.cc","sandbox/win/src/handle_closer_agent.cc"
"0215-sandbox-win-sandbox-4.patch","sandbox/win/src/process_thread_interception.cc","sandbox/win/src/process_thread_interception.cc"
"0216-sandbox-win-sandbox-5.patch","sandbox/win/src/win_utils.cc","sandbox/win/src/win_utils.cc"
"0217-sandbox-win-sandbox-6.patch","sandbox/win/src/process_mitigations.cc","sandbox/win/src/process_mitigations.cc"
"0218-sandbox-win-sandbox-7.patch","sandbox/win/src/target_services.cc","sandbox/win/src/target_services.cc"
"0219-sandbox-win-sandbox.patch","sandbox/win/src/broker_services.cc;sandbox/win/src/sandbox_policy_base.cc;sandbox/win/src/sandbox_policy_base.h","sandbox/win/src/broker_services.cc;sandbox/win/src/sandbox_policy_base.cc;sandbox/win/src/sandbox_policy_base.h"
"0220-services-device.patch","services/device/wake_lock/power_save_blocker/power_save_blocker_win.cc","services/device/wake_lock/power_save_blocker/power_save_blocker_win.cc"
"0221-services-webnn.patch","services/webnn/public/cpp/platform_functions_win.cc","services/webnn/public/cpp/platform_functions_win.cc"
"0222-skia-BUILD.gn-dwrite.patch","skia/BUILD.gn;ui/gfx/win/direct_write.cc","skia/BUILD.gn;ui/gfx/win/direct_write.cc"
"0223-skia-ext-dwrite.patch","skia/ext/font_utils.cc","skia/ext/font_utils.cc"
"0224-Source-ThirdParty-d3d.patch","third_party/angle/src/libANGLE/Context.cpp;third_party/angle/src/libANGLE/Context.h;third_party/angle/src/libGLESv2/global_state.cpp;third_party/angle/src/libGLESv2/global_state.h;third_party/angle/src/common/system_utils.cpp;third_party/angle/src/libANGLE/Display.cpp","third_party/angle/src/libANGLE/Context.cpp;third_party/angle/src/libANGLE/Context.h;third_party/angle/src/libGLESv2/global_state.cpp;third_party/angle/src/libGLESv2/global_state.h;third_party/angle/src/common/system_utils.cpp;third_party/angle/src/libANGLE/Display.cpp"
"0225-testing-variations-dwrite.patch","testing/variations/fieldtrial_testing_config.json","testing/variations/fieldtrial_testing_config.json"
"0226-testing-variations-font.patch","testing/variations/fieldtrial_testing_config.json;ui/gfx/render_text_harfbuzz.cc","testing/variations/fieldtrial_testing_config.json;ui/gfx/render_text_harfbuzz.cc"
"0227-tools-metrics-com.patch","tools/metrics/histograms/metadata/enterprise/histograms.xml","tools/metrics/histograms/metadata/enterprise/histograms.xml"
"0228-tp-abseil-cpp-condvar.patch","third_party/abseil-cpp/absl/synchronization/internal/win32_waiter.cc","third_party/abseil-cpp/absl/synchronization/internal/win32_waiter.cc"
"0229-tp-angle-d3d.patch","third_party/angle/src/libANGLE/renderer/d3d/d3d11/Renderer11.cpp","third_party/angle/src/libANGLE/renderer/d3d/d3d11/Renderer11.cpp"
"0230-tp-angle-dxgi.patch","third_party/angle/src/gpu_info_util/SystemInfo_win.cpp","third_party/angle/src/gpu_info_util/SystemInfo_win.cpp"
"0231-tp-blink-com.patch","third_party/blink/renderer/platform/text/locale_win.cc","third_party/blink/renderer/platform/text/locale_win.cc"
"0232-tp-blink-dwrite.patch","third_party/blink/common/BUILD.gn;third_party/blink/public/common/BUILD.gn;third_party/blink/public/mojom/dwrite_font_proxy/dwrite_font_proxy.mojom;third_party/blink/renderer/modules/font_access/font_metadata.cc;third_party/blink/renderer/platform/fonts/web_font_typeface_factory.cc;third_party/blink/renderer/platform/fonts/win/font_unique_name_lookup_win.cc;third_party/blink/renderer/platform/fonts/win/font_unique_name_lookup_win.h","third_party/blink/common/BUILD.gn;third_party/blink/common/dwrite_rasterizer_support/dwrite_rasterizer_support.cc;third_party/blink/public/common/BUILD.gn;third_party/blink/public/common/dwrite_rasterizer_support/dwrite_rasterizer_support.h;third_party/blink/public/mojom/dwrite_font_proxy/dwrite_font_proxy.mojom;third_party/blink/renderer/modules/font_access/font_metadata.cc;third_party/blink/renderer/platform/fonts/web_font_typeface_factory.cc;third_party/blink/renderer/platform/fonts/win/font_unique_name_lookup_win.cc;third_party/blink/renderer/platform/fonts/win/font_unique_name_lookup_win.h"
"0233-tp-blink-font.patch","third_party/blink/renderer/platform/fonts/font_cache.cc;third_party/blink/renderer/platform/fonts/font_cache.h;third_party/blink/renderer/platform/fonts/font_platform_data.cc;third_party/blink/renderer/platform/fonts/font_platform_data.h;third_party/blink/renderer/platform/fonts/skia/font_cache_skia.cc;third_party/blink/renderer/platform/fonts/win/font_cache_skia_win.cc;third_party/blink/renderer/platform/fonts/win/font_platform_data_win.cc","third_party/blink/renderer/platform/fonts/font_cache.cc;third_party/blink/renderer/platform/fonts/font_cache.h;third_party/blink/renderer/platform/fonts/font_platform_data.cc;third_party/blink/renderer/platform/fonts/font_platform_data.h;third_party/blink/renderer/platform/fonts/skia/font_cache_skia.cc;third_party/blink/renderer/platform/fonts/win/font_cache_skia_win.cc;third_party/blink/renderer/platform/fonts/win/font_platform_data_win.cc"
"0234-tp-boringssl-dcomp.patch","third_party/boringssl/src/crypto/internal.h;third_party/boringssl/src/crypto/thread_win.cc","third_party/boringssl/src/crypto/internal.h;third_party/boringssl/src/crypto/thread_win.cc"
"0235-tp-boringssl-sandbox.patch","third_party/boringssl/src/crypto/rand/windows.cc","third_party/boringssl/src/crypto/rand/windows.cc"
"0236-tp-boringssl-srwlock-1.patch","third_party/boringssl/src/crypto/thread_win.cc","third_party/boringssl/src/crypto/thread_win.cc"
"0237-tp-boringssl-srwlock.patch","third_party/boringssl/src/crypto/thread_win.cc","third_party/boringssl/src/crypto/thread_win.cc"
"0238-tp-content_analysis_sdk-com.patch","third_party/content_analysis_sdk/src/browser/src/client_win.cc;third_party/content_analysis_sdk/src/common/utils_win.cc","third_party/content_analysis_sdk/src/browser/src/client_win.cc;third_party/content_analysis_sdk/src/common/utils_win.cc"
"0239-tp-cpuinfo-dcomp.patch","third_party/cpuinfo/src/src/cpuinfo/internal-api.h;third_party/cpuinfo/src/src/init.c;third_party/cpuinfo/src/src/x86/windows/init.c","third_party/cpuinfo/src/src/cpuinfo/internal-api.h;third_party/cpuinfo/src/src/init.c;third_party/cpuinfo/src/src/x86/windows/init.c"
"0240-tp-crashpad-com.patch","third_party/crashpad/crashpad/handler/win/crashy_test_program.cc;third_party/crashpad/crashpad/snapshot/win/process_snapshot_win.cc;third_party/crashpad/crashpad/util/win/nt_internals.cc;third_party/crashpad/crashpad/util/win/nt_internals.h","third_party/crashpad/crashpad/handler/win/crashy_test_program.cc;third_party/crashpad/crashpad/snapshot/win/process_snapshot_win.cc;third_party/crashpad/crashpad/util/win/nt_internals.cc;third_party/crashpad/crashpad/util/win/nt_internals.h"
"0241-tp-crashpad-crash-1.patch","third_party/crashpad/crashpad/snapshot/win/process_reader_win.cc","third_party/crashpad/crashpad/snapshot/win/process_reader_win.cc"
"0242-tp-crashpad-crash.patch","third_party/crashpad/crashpad/client/crashpad_client_win.cc","third_party/crashpad/crashpad/client/crashpad_client_win.cc"
"0243-tp-crashpad-file-info.patch","third_party/crashpad/crashpad/util/win/exception_handler_server.cc;third_party/crashpad/crashpad/util/win/registration_protocol_win.cc","third_party/crashpad/crashpad/util/win/exception_handler_server.cc;third_party/crashpad/crashpad/util/win/registration_protocol_win.cc"
"0244-tp-dav1d-condvar.patch","third_party/dav1d/libdav1d/src/thread.h;third_party/dav1d/libdav1d/src/win32/thread.c","third_party/dav1d/libdav1d/src/thread.h;third_party/dav1d/libdav1d/src/win32/thread.c"
"0245-tp-dav1d-dav1d.patch","third_party/dav1d/libdav1d/src/cpu.c","third_party/dav1d/libdav1d/src/cpu.c"
"0246-tp-dawn-compare-handles-1.patch","third_party/dawn/src/dawn/native/BUILD.gn;third_party/dawn/src/dawn/native/CMakeLists.txt;third_party/dawn/src/dawn/native/d3d/PlatformFunctions.cpp;third_party/dawn/src/dawn/native/d3d/PlatformFunctions.h;third_party/dawn/src/dawn/native/d3d11/SharedFenceD3D11.cpp","third_party/dawn/src/dawn/native/BUILD.gn;third_party/dawn/src/dawn/native/CMakeLists.txt;third_party/dawn/src/dawn/native/d3d/PlatformFunctions.cpp;third_party/dawn/src/dawn/native/d3d/PlatformFunctions.h;third_party/dawn/src/dawn/native/d3d11/SharedFenceD3D11.cpp"
"0247-tp-dawn-compare-handles.patch","third_party/dawn/src/dawn/native/d3d12/SharedFenceD3D12.cpp","third_party/dawn/src/dawn/native/d3d12/SharedFenceD3D12.cpp"
"0248-tp-ffmpeg-condvar.patch","third_party/ffmpeg/compat/w32pthreads.h;third_party/ffmpeg/libavcodec/pthread.c","third_party/ffmpeg/compat/w32pthreads.h;third_party/ffmpeg/libavcodec/pthread.c"
"0249-tp-icu-com-1.patch","third_party/icu/source/i18n/windtfmt.cpp;third_party/icu/source/i18n/windtfmt.h;third_party/icu/source/i18n/winnmfmt.cpp;third_party/icu/source/i18n/winnmfmt.h;third_party/icu/source/common/putil.cpp","third_party/icu/source/i18n/windtfmt.cpp;third_party/icu/source/i18n/windtfmt.h;third_party/icu/source/i18n/winnmfmt.cpp;third_party/icu/source/i18n/winnmfmt.h;third_party/icu/source/common/putil.cpp"
"0250-tp-icu-com.patch","third_party/icu/source/common/wintz.cpp","third_party/icu/source/common/wintz.cpp"
"0251-tp-ink-abseil.patch","third_party/ink/src/ink/strokes/stroke.cc","third_party/ink/src/ink/strokes/stroke.cc"
"0252-tp-libaom-condvar.patch","third_party/libaom/source/libaom/aom_util/aom_pthread.h","third_party/libaom/source/libaom/aom_util/aom_pthread.h"
"0253-tp-libaom-dcomp.patch","third_party/libaom/source/libaom/aom_ports/aom_once.h","third_party/libaom/source/libaom/aom_ports/aom_once.h"
"0254-tp-libaom-srwlock.patch","third_party/libaom/source/libaom/aom_util/aom_pthread.h","third_party/libaom/source/libaom/aom_util/aom_pthread.h"
"0255-tp-libc++-condvar.patch","third_party/libc++/src/src/support/win32/thread_win32.cpp","third_party/libc++/src/src/support/win32/thread_win32.cpp"
"0256-tp-libc++-processor-count.patch","third_party/libc++/src/src/thread.cpp","third_party/libc++/src/src/thread.cpp"
"0257-tp-libvpx-condvar.patch","third_party/libvpx/source/libvpx/vpx_util/vpx_pthread.h","third_party/libvpx/source/libvpx/vpx_util/vpx_pthread.h"
"0258-tp-libvpx-srwlock.patch","third_party/libvpx/source/libvpx/vpx_util/vpx_pthread.h","third_party/libvpx/source/libvpx/vpx_util/vpx_pthread.h"
"0259-tp-libwebp-condvar.patch","third_party/libwebp/src/src/utils/thread_utils.c","third_party/libwebp/src/src/utils/thread_utils.c"
"0260-tp-libwebp-srwlock-1.patch","third_party/libwebp/src/src/utils/thread_utils.c","third_party/libwebp/src/src/utils/thread_utils.c"
"0261-tp-libwebp-srwlock.patch","third_party/libwebp/src/src/dsp/cpu.h","third_party/libwebp/src/src/dsp/cpu.h"
"0262-tp-libwebrtc-etw-1.patch","third_party/webrtc/modules/desktop_capture/win/wgc_capture_source.cc","third_party/webrtc/modules/desktop_capture/win/wgc_capture_source.cc"
"0263-tp-libwebrtc-etw.patch","third_party/webrtc/modules/desktop_capture/win/window_capture_utils.cc","third_party/webrtc/modules/desktop_capture/win/window_capture_utils.cc"
"0264-tp-libxml-dcomp.patch","third_party/libxml/src/threads.c","third_party/libxml/src/threads.c"
"0265-tp-pdfium-dwrite.patch","third_party/pdfium/core/fxge/cfx_fontmgr.cpp","third_party/pdfium/core/fxge/cfx_fontmgr.cpp"
"0266-tp-perfetto-etw.patch","third_party/perfetto/src/base/time.cc","third_party/perfetto/src/base/time.cc"
"0267-tp-rust-toolchain-condvar-1.patch","third_party/rust-toolchain/lib/rustlib/src/rust/library/std/src/sys/pal/windows/c.rs;third_party/rust-toolchain/lib/rustlib/src/rust/library/std/src/sys/pal/windows/c/windows_sys.rs;third_party/rust-toolchain/lib/rustlib/src/rust/library/std/src/sys/pal/windows/compat.rs;third_party/rust-toolchain/lib/rustlib/src/rust/library/std/src/sys/sync/condvar/windows7.rs;third_party/rust-toolchain/lib/rustlib/src/rust/library/std/src/sys/sync/mutex/windows7.rs","third_party/rust-toolchain/lib/rustlib/src/rust/library/std/src/sys/pal/windows/c.rs;third_party/rust-toolchain/lib/rustlib/src/rust/library/std/src/sys/pal/windows/c/windows_sys.rs;third_party/rust-toolchain/lib/rustlib/src/rust/library/std/src/sys/pal/windows/compat.rs;third_party/rust-toolchain/lib/rustlib/src/rust/library/std/src/sys/sync/condvar/windows7.rs;third_party/rust-toolchain/lib/rustlib/src/rust/library/std/src/sys/sync/mutex/windows7.rs"
"0268-tp-rust-toolchain-condvar.patch","third_party/rust-toolchain/lib/rustlib/src/rust/library/backtrace/src/symbolize/dbghelp.rs;third_party/rust-toolchain/lib/rustlib/src/rust/library/std/src/fs/tests.rs;third_party/rust-toolchain/lib/rustlib/src/rust/library/std/src/sys/pal/windows/c.rs;third_party/rust-toolchain/lib/rustlib/src/rust/library/std/src/sys/pal/windows/compat.rs;third_party/rust-toolchain/lib/rustlib/src/rust/library/std/src/sys/pal/windows/mod.rs;third_party/rust-toolchain/lib/rustlib/src/rust/library/std/src/sys/pal/windows/os.rs;third_party/rust-toolchain/lib/rustlib/src/rust/library/std/src/sys/random/windows.rs;third_party/rust-toolchain/lib/rustlib/src/rust/library/std/src/sys/stdio/windows.rs;third_party/rust-toolchain/lib/rustlib/src/rust/library/std/src/sys/sync/condvar/mod.rs;third_party/rust-toolchain/lib/rustlib/src/rust/library/std/src/sys/sync/mutex/mod.rs;third_party/rust-toolchain/lib/rustlib/src/rust/library/std/src/sys/sync/once/mod.rs;third_party/rust-toolchain/lib/rustlib/src/rust/library/std/src/sys/sync/rwlock/mod.rs;third_party/rust-toolchain/lib/rustlib/src/rust/library/std/src/sys/sync/thread_parking/mod.rs;third_party/rust-toolchain/lib/rustlib/src/rust/library/std/src/sys/sync/thread_parking/windows7.rs;third_party/rust-toolchain/lib/rustlib/src/rust/library/windows_link/src/lib.rs;third_party/rust-toolchain/lib/rustlib/src/rust/library/std/src/sys/net/hostname/mod.rs","third_party/rust-toolchain/lib/rustlib/src/rust/library/backtrace/src/symbolize/dbghelp.rs;third_party/rust-toolchain/lib/rustlib/src/rust/library/std/src/fs/tests.rs;third_party/rust-toolchain/lib/rustlib/src/rust/library/std/src/sys/pal/windows/c.rs;third_party/rust-toolchain/lib/rustlib/src/rust/library/std/src/sys/pal/windows/compat.rs;third_party/rust-toolchain/lib/rustlib/src/rust/library/std/src/sys/pal/windows/mod.rs;third_party/rust-toolchain/lib/rustlib/src/rust/library/std/src/sys/pal/windows/os.rs;third_party/rust-toolchain/lib/rustlib/src/rust/library/std/src/sys/random/windows.rs;third_party/rust-toolchain/lib/rustlib/src/rust/library/std/src/sys/stdio/windows.rs;third_party/rust-toolchain/lib/rustlib/src/rust/library/std/src/sys/sync/condvar/mod.rs;third_party/rust-toolchain/lib/rustlib/src/rust/library/std/src/sys/sync/mutex/mod.rs;third_party/rust-toolchain/lib/rustlib/src/rust/library/std/src/sys/sync/once/mod.rs;third_party/rust-toolchain/lib/rustlib/src/rust/library/std/src/sys/sync/rwlock/mod.rs;third_party/rust-toolchain/lib/rustlib/src/rust/library/std/src/sys/sync/thread_parking/mod.rs;third_party/rust-toolchain/lib/rustlib/src/rust/library/std/src/sys/sync/thread_parking/windows7.rs;third_party/rust-toolchain/lib/rustlib/src/rust/library/windows_link/src/lib.rs;third_party/rust-toolchain/lib/rustlib/src/rust/library/std/src/sys/net/hostname/mod.rs"
"0269-tp-skia-font.patch","third_party/skia/include/core/SkFontMgr.h;third_party/skia/src/core/SkFontMgr.cpp","third_party/skia/include/core/SkFontMgr.h;third_party/skia/src/core/SkFontMgr.cpp"
"0270-tp-swiftshader-angle.patch","third_party/swiftshader/BUILD.gn","third_party/swiftshader/BUILD.gn"
"0271-tp-swiftshader-com.patch","third_party/swiftshader/BUILD.gn","third_party/swiftshader/BUILD.gn;third_party/swiftshader/src/Main/BUILD.gn;third_party/swiftshader/src/OpenGL/common/BUILD.gn;third_party/swiftshader/src/OpenGL/compiler/BUILD.gn;third_party/swiftshader/src/OpenGL/libEGL/BUILD.gn;third_party/swiftshader/src/OpenGL/libGLESv2/BUILD.gn;third_party/swiftshader/src/Renderer/BUILD.gn;third_party/swiftshader/src/Shader/BUILD.gn;third_party/swiftshader/tests/GLESUnitTests/BUILD.gn"
"0272-tp-swiftshader-dcomp.patch","third_party/swiftshader/CMakeLists.txt;third_party/swiftshader/docs/Index.md;third_party/swiftshader/docs/Regres.md;third_party/swiftshader/tests/regres/cov/import.go","third_party/swiftshader/CMakeLists.txt;third_party/swiftshader/docs/Index.md;third_party/swiftshader/docs/Regres.md;third_party/swiftshader/include/EGL/egl.h;third_party/swiftshader/include/EGL/eglext.h;third_party/swiftshader/include/EGL/eglplatform.h;third_party/swiftshader/include/GL/glcorearb.h;third_party/swiftshader/include/GL/glext.h;third_party/swiftshader/include/GL/glxext.h;third_party/swiftshader/include/GL/wglext.h;third_party/swiftshader/include/GLES/gl.h;third_party/swiftshader/include/GLES/glext.h;third_party/swiftshader/include/GLES/glplatform.h;third_party/swiftshader/include/GLES2/gl2.h;third_party/swiftshader/include/GLES2/gl2ext.h;third_party/swiftshader/include/GLES2/gl2platform.h;third_party/swiftshader/include/GLES3/gl3.h;third_party/swiftshader/include/GLES3/gl3platform.h;third_party/swiftshader/include/KHR/khrplatform.h;third_party/swiftshader/src/Common/BUILD.gn;third_party/swiftshader/src/Common/CPUID.cpp;third_party/swiftshader/src/Common/CPUID.hpp;third_party/swiftshader/src/Common/Configurator.cpp;third_party/swiftshader/src/Common/Configurator.hpp;third_party/swiftshader/src/Common/Debug.cpp;third_party/swiftshader/src/Common/Debug.hpp;third_party/swiftshader/src/Common/DebugAndroid.cpp;third_party/swiftshader/src/Common/DebugAndroid.hpp;third_party/swiftshader/src/Common/GrallocAndroid.cpp;third_party/swiftshader/src/Common/GrallocAndroid.hpp;third_party/swiftshader/src/Common/Half.cpp;third_party/swiftshader/src/Common/Half.hpp;third_party/swiftshader/src/Common/Math.cpp;third_party/swiftshader/src/Common/Math.hpp;third_party/swiftshader/src/Common/Memory.cpp;third_party/swiftshader/src/Common/Memory.hpp;third_party/swiftshader/src/Common/MutexLock.hpp;third_party/swiftshader/src/Common/RecursiveLock.hpp;third_party/swiftshader/src/Common/Resource.cpp;third_party/swiftshader/src/Common/Resource.hpp;third_party/swiftshader/src/Common/SharedLibrary.cpp;third_party/swiftshader/src/Common/SharedLibrary.hpp;third_party/swiftshader/src/Common/Socket.cpp;third_party/swiftshader/src/Common/Socket.hpp;third_party/swiftshader/src/Common/Thread.cpp;third_party/swiftshader/src/Common/Thread.hpp;third_party/swiftshader/src/Common/Timer.cpp;third_party/swiftshader/src/Common/Timer.hpp;third_party/swiftshader/src/Common/Types.hpp;third_party/swiftshader/src/Common/Version.h;third_party/swiftshader/src/Main/Config.cpp;third_party/swiftshader/src/Main/Config.hpp;third_party/swiftshader/src/Main/FrameBuffer.cpp;third_party/swiftshader/src/Main/FrameBuffer.hpp;third_party/swiftshader/src/Main/FrameBufferAndroid.cpp;third_party/swiftshader/src/Main/FrameBufferAndroid.hpp;third_party/swiftshader/src/Main/FrameBufferDD.cpp;third_party/swiftshader/src/Main/FrameBufferDD.hpp;third_party/swiftshader/src/Main/FrameBufferFactoryOzone.cpp;third_party/swiftshader/src/Main/FrameBufferGDI.cpp;third_party/swiftshader/src/Main/FrameBufferGDI.hpp;third_party/swiftshader/src/Main/FrameBufferOSX.hpp;third_party/swiftshader/src/Main/FrameBufferOSX.mm;third_party/swiftshader/src/Main/FrameBufferOzone.cpp;third_party/swiftshader/src/Main/FrameBufferOzone.hpp;third_party/swiftshader/src/Main/FrameBufferWin.cpp;third_party/swiftshader/src/Main/FrameBufferWin.hpp;third_party/swiftshader/src/Main/FrameBufferX11.cpp;third_party/swiftshader/src/Main/FrameBufferX11.hpp;third_party/swiftshader/src/Main/SwiftConfig.cpp;third_party/swiftshader/src/Main/SwiftConfig.hpp;third_party/swiftshader/src/Main/libX11.cpp;third_party/swiftshader/src/Main/libX11.hpp;third_party/swiftshader/src/OpenGL/common/Image.cpp;third_party/swiftshader/src/OpenGL/common/Image.hpp;third_party/swiftshader/src/OpenGL/common/MatrixStack.cpp;third_party/swiftshader/src/OpenGL/common/MatrixStack.hpp;third_party/swiftshader/src/OpenGL/common/NameSpace.hpp;third_party/swiftshader/src/OpenGL/common/Object.cpp;third_party/swiftshader/src/OpenGL/common/Object.hpp;third_party/swiftshader/src/OpenGL/common/Surface.hpp;third_party/swiftshader/src/OpenGL/common/debug.cpp;third_party/swiftshader/src/OpenGL/common/debug.h;third_party/swiftshader/src/OpenGL/compiler/AnalyzeCallDepth.cpp;third_party/swiftshader/src/OpenGL/compiler/AnalyzeCallDepth.h;third_party/swiftshader/src/OpenGL/compiler/BaseTypes.h;third_party/swiftshader/src/OpenGL/compiler/Common.h;third_party/swiftshader/src/OpenGL/compiler/Compiler.cpp;third_party/swiftshader/src/OpenGL/compiler/Compiler.h;third_party/swiftshader/src/OpenGL/compiler/ConstantUnion.h;third_party/swiftshader/src/OpenGL/compiler/Diagnostics.cpp;third_party/swiftshader/src/OpenGL/compiler/Diagnostics.h;third_party/swiftshader/src/OpenGL/compiler/DirectiveHandler.cpp;third_party/swiftshader/src/OpenGL/compiler/DirectiveHandler.h;third_party/swiftshader/src/OpenGL/compiler/ExtensionBehavior.h;third_party/swiftshader/src/OpenGL/compiler/InfoSink.cpp;third_party/swiftshader/src/OpenGL/compiler/InfoSink.h;third_party/swiftshader/src/OpenGL/compiler/Initialize.cpp;third_party/swiftshader/src/OpenGL/compiler/Initialize.h;third_party/swiftshader/src/OpenGL/compiler/InitializeGlobals.h;third_party/swiftshader/src/OpenGL/compiler/InitializeParseContext.cpp;third_party/swiftshader/src/OpenGL/compiler/InitializeParseContext.h;third_party/swiftshader/src/OpenGL/compiler/IntermTraverse.cpp;third_party/swiftshader/src/OpenGL/compiler/Intermediate.cpp;third_party/swiftshader/src/OpenGL/compiler/MMap.h;third_party/swiftshader/src/OpenGL/compiler/OutputASM.cpp;third_party/swiftshader/src/OpenGL/compiler/OutputASM.h;third_party/swiftshader/src/OpenGL/compiler/ParseHelper.cpp;third_party/swiftshader/src/OpenGL/compiler/ParseHelper.h;third_party/swiftshader/src/OpenGL/compiler/PoolAlloc.cpp;third_party/swiftshader/src/OpenGL/compiler/PoolAlloc.h;third_party/swiftshader/src/OpenGL/compiler/Pragma.h;third_party/swiftshader/src/OpenGL/compiler/SymbolTable.cpp;third_party/swiftshader/src/OpenGL/compiler/SymbolTable.h;third_party/swiftshader/src/OpenGL/compiler/TranslatorASM.cpp;third_party/swiftshader/src/OpenGL/compiler/TranslatorASM.h;third_party/swiftshader/src/OpenGL/compiler/Types.h;third_party/swiftshader/src/OpenGL/compiler/ValidateLimitations.cpp;third_party/swiftshader/src/OpenGL/compiler/ValidateLimitations.h;third_party/swiftshader/src/OpenGL/compiler/ValidateSwitch.cpp;third_party/swiftshader/src/OpenGL/compiler/ValidateSwitch.h;third_party/swiftshader/src/OpenGL/compiler/debug.cpp;third_party/swiftshader/src/OpenGL/compiler/debug.h;third_party/swiftshader/src/OpenGL/compiler/generate_parser.sh;third_party/swiftshader/src/OpenGL/compiler/glslang.h;third_party/swiftshader/src/OpenGL/compiler/glslang.l;third_party/swiftshader/src/OpenGL/compiler/glslang.y;third_party/swiftshader/src/OpenGL/compiler/glslang_lex.cpp;third_party/swiftshader/src/OpenGL/compiler/glslang_tab.cpp;third_party/swiftshader/src/OpenGL/compiler/glslang_tab.h;third_party/swiftshader/src/OpenGL/compiler/intermOut.cpp;third_party/swiftshader/src/OpenGL/compiler/intermediate.h;third_party/swiftshader/src/OpenGL/compiler/localintermediate.h;third_party/swiftshader/src/OpenGL/compiler/osinclude.h;third_party/swiftshader/src/OpenGL/compiler/ossource_posix.cpp;third_party/swiftshader/src/OpenGL/compiler/ossource_win.cpp;third_party/swiftshader/src/OpenGL/compiler/parseConst.cpp;third_party/swiftshader/src/OpenGL/compiler/preprocessor/BUILD.gn;third_party/swiftshader/src/OpenGL/compiler/preprocessor/DiagnosticsBase.cpp;third_party/swiftshader/src/OpenGL/compiler/preprocessor/DiagnosticsBase.h;third_party/swiftshader/src/OpenGL/compiler/preprocessor/DirectiveHandlerBase.cpp;third_party/swiftshader/src/OpenGL/compiler/preprocessor/DirectiveHandlerBase.h;third_party/swiftshader/src/OpenGL/compiler/preprocessor/DirectiveParser.cpp;third_party/swiftshader/src/OpenGL/compiler/preprocessor/DirectiveParser.h;third_party/swiftshader/src/OpenGL/compiler/preprocessor/ExpressionParser.cpp;third_party/swiftshader/src/OpenGL/compiler/preprocessor/ExpressionParser.h;third_party/swiftshader/src/OpenGL/compiler/preprocessor/ExpressionParser.y;third_party/swiftshader/src/OpenGL/compiler/preprocessor/Input.cpp;third_party/swiftshader/src/OpenGL/compiler/preprocessor/Input.h;third_party/swiftshader/src/OpenGL/compiler/preprocessor/Lexer.cpp;third_party/swiftshader/src/OpenGL/compiler/preprocessor/Lexer.h;third_party/swiftshader/src/OpenGL/compiler/preprocessor/Macro.cpp;third_party/swiftshader/src/OpenGL/compiler/preprocessor/Macro.h;third_party/swiftshader/src/OpenGL/compiler/preprocessor/MacroExpander.cpp;third_party/swiftshader/src/OpenGL/compiler/preprocessor/MacroExpander.h;third_party/swiftshader/src/OpenGL/compiler/preprocessor/Preprocessor.cpp;third_party/swiftshader/src/OpenGL/compiler/preprocessor/Preprocessor.h;third_party/swiftshader/src/OpenGL/compiler/preprocessor/SourceLocation.h;third_party/swiftshader/src/OpenGL/compiler/preprocessor/Token.cpp;third_party/swiftshader/src/OpenGL/compiler/preprocessor/Token.h;third_party/swiftshader/src/OpenGL/compiler/preprocessor/Tokenizer.cpp;third_party/swiftshader/src/OpenGL/compiler/preprocessor/Tokenizer.h;third_party/swiftshader/src/OpenGL/compiler/preprocessor/Tokenizer.l;third_party/swiftshader/src/OpenGL/compiler/preprocessor/generate_parser.sh;third_party/swiftshader/src/OpenGL/compiler/preprocessor/length_limits.h;third_party/swiftshader/src/OpenGL/compiler/preprocessor/numeric_lex.h;third_party/swiftshader/src/OpenGL/compiler/preprocessor/pp_utils.h;third_party/swiftshader/src/OpenGL/compiler/util.cpp;third_party/swiftshader/src/OpenGL/compiler/util.h;third_party/swiftshader/src/OpenGL/libEGL/Config.cpp;third_party/swiftshader/src/OpenGL/libEGL/Config.h;third_party/swiftshader/src/OpenGL/libEGL/Context.hpp;third_party/swiftshader/src/OpenGL/libEGL/Display.cpp;third_party/swiftshader/src/OpenGL/libEGL/Display.h;third_party/swiftshader/src/OpenGL/libEGL/OSXUtils.hpp;third_party/swiftshader/src/OpenGL/libEGL/OSXUtils.mm;third_party/swiftshader/src/OpenGL/libEGL/Surface.cpp;third_party/swiftshader/src/OpenGL/libEGL/Surface.hpp;third_party/swiftshader/src/OpenGL/libEGL/Sync.hpp;third_party/swiftshader/src/OpenGL/libEGL/Texture.hpp;third_party/swiftshader/src/OpenGL/libEGL/libEGL.cpp;third_party/swiftshader/src/OpenGL/libEGL/libEGL.def;third_party/swiftshader/src/OpenGL/libEGL/libEGL.hpp;third_party/swiftshader/src/OpenGL/libEGL/libEGL.rc;third_party/swiftshader/src/OpenGL/libEGL/libEGL_deprecated.def;third_party/swiftshader/src/OpenGL/libEGL/libEGL_deprecated.exports;third_party/swiftshader/src/OpenGL/libEGL/libEGL_deprecated.lds;third_party/swiftshader/src/OpenGL/libEGL/main.cpp;third_party/swiftshader/src/OpenGL/libEGL/main.h;third_party/swiftshader/src/OpenGL/libEGL/resource.h;third_party/swiftshader/src/OpenGL/libGLESv2/Buffer.cpp;third_party/swiftshader/src/OpenGL/libGLESv2/Buffer.h;third_party/swiftshader/src/OpenGL/libGLESv2/Context.cpp;third_party/swiftshader/src/OpenGL/libGLESv2/Context.h;third_party/swiftshader/src/OpenGL/libGLESv2/Device.cpp;third_party/swiftshader/src/OpenGL/libGLESv2/Device.hpp;third_party/swiftshader/src/OpenGL/libGLESv2/Fence.cpp;third_party/swiftshader/src/OpenGL/libGLESv2/Fence.h;third_party/swiftshader/src/OpenGL/libGLESv2/Framebuffer.cpp;third_party/swiftshader/src/OpenGL/libGLESv2/Framebuffer.h;third_party/swiftshader/src/OpenGL/libGLESv2/IndexDataManager.cpp;third_party/swiftshader/src/OpenGL/libGLESv2/IndexDataManager.h;third_party/swiftshader/src/OpenGL/libGLESv2/Program.cpp;third_party/swiftshader/src/OpenGL/libGLESv2/Program.h;third_party/swiftshader/src/OpenGL/libGLESv2/Query.cpp;third_party/swiftshader/src/OpenGL/libGLESv2/Query.h;third_party/swiftshader/src/OpenGL/libGLESv2/Renderbuffer.cpp;third_party/swiftshader/src/OpenGL/libGLESv2/Renderbuffer.h;third_party/swiftshader/src/OpenGL/libGLESv2/ResourceManager.cpp;third_party/swiftshader/src/OpenGL/libGLESv2/ResourceManager.h;third_party/swiftshader/src/OpenGL/libGLESv2/Sampler.h;third_party/swiftshader/src/OpenGL/libGLESv2/Shader.cpp;third_party/swiftshader/src/OpenGL/libGLESv2/Shader.h;third_party/swiftshader/src/OpenGL/libGLESv2/Texture.cpp;third_party/swiftshader/src/OpenGL/libGLESv2/Texture.h;third_party/swiftshader/src/OpenGL/libGLESv2/TransformFeedback.cpp;third_party/swiftshader/src/OpenGL/libGLESv2/TransformFeedback.h;third_party/swiftshader/src/OpenGL/libGLESv2/VertexArray.cpp;third_party/swiftshader/src/OpenGL/libGLESv2/VertexArray.h;third_party/swiftshader/src/OpenGL/libGLESv2/VertexDataManager.cpp;third_party/swiftshader/src/OpenGL/libGLESv2/VertexDataManager.h;third_party/swiftshader/src/OpenGL/libGLESv2/entry_points.cpp;third_party/swiftshader/src/OpenGL/libGLESv2/entry_points.h;third_party/swiftshader/src/OpenGL/libGLESv2/libGLESv2.cpp;third_party/swiftshader/src/OpenGL/libGLESv2/libGLESv2.def;third_party/swiftshader/src/OpenGL/libGLESv2/libGLESv2.hpp;third_party/swiftshader/src/OpenGL/libGLESv2/libGLESv2.rc;third_party/swiftshader/src/OpenGL/libGLESv2/libGLESv2_deprecated.def;third_party/swiftshader/src/OpenGL/libGLESv2/libGLESv2_deprecated.exports;third_party/swiftshader/src/OpenGL/libGLESv2/libGLESv2_deprecated.lds;third_party/swiftshader/src/OpenGL/libGLESv2/libGLESv3.cpp;third_party/swiftshader/src/OpenGL/libGLESv2/main.cpp;third_party/swiftshader/src/OpenGL/libGLESv2/main.h;third_party/swiftshader/src/OpenGL/libGLESv2/mathutil.h;third_party/swiftshader/src/OpenGL/libGLESv2/resource.h;third_party/swiftshader/src/OpenGL/libGLESv2/utilities.cpp;third_party/swiftshader/src/OpenGL/libGLESv2/utilities.h;third_party/swiftshader/src/Renderer/Blitter.cpp;third_party/swiftshader/src/Renderer/Blitter.hpp;third_party/swiftshader/src/Renderer/Clipper.cpp;third_party/swiftshader/src/Renderer/Clipper.hpp;third_party/swiftshader/src/Renderer/Color.cpp;third_party/swiftshader/src/Renderer/Color.hpp;third_party/swiftshader/src/Renderer/Context.cpp;third_party/swiftshader/src/Renderer/Context.hpp;third_party/swiftshader/src/Renderer/ETC_Decoder.cpp;third_party/swiftshader/src/Renderer/ETC_Decoder.hpp;third_party/swiftshader/src/Renderer/LRUCache.hpp;third_party/swiftshader/src/Renderer/Matrix.cpp;third_party/swiftshader/src/Renderer/Matrix.hpp;third_party/swiftshader/src/Renderer/PixelProcessor.cpp;third_party/swiftshader/src/Renderer/PixelProcessor.hpp;third_party/swiftshader/src/Renderer/Plane.cpp;third_party/swiftshader/src/Renderer/Plane.hpp;third_party/swiftshader/src/Renderer/Point.cpp;third_party/swiftshader/src/Renderer/Point.hpp;third_party/swiftshader/src/Renderer/Polygon.hpp;third_party/swiftshader/src/Renderer/Primitive.hpp;third_party/swiftshader/src/Renderer/QuadRasterizer.cpp;third_party/swiftshader/src/Renderer/QuadRasterizer.hpp;third_party/swiftshader/src/Renderer/Rasterizer.hpp;third_party/swiftshader/src/Renderer/Renderer.cpp;third_party/swiftshader/src/Renderer/Renderer.hpp;third_party/swiftshader/src/Renderer/RoutineCache.hpp;third_party/swiftshader/src/Renderer/Sampler.cpp;third_party/swiftshader/src/Renderer/Sampler.hpp;third_party/swiftshader/src/Renderer/SetupProcessor.cpp;third_party/swiftshader/src/Renderer/SetupProcessor.hpp;third_party/swiftshader/src/Renderer/Stream.hpp;third_party/swiftshader/src/Renderer/Surface.cpp;third_party/swiftshader/src/Renderer/Surface.hpp;third_party/swiftshader/src/Renderer/TextureStage.cpp;third_party/swiftshader/src/Renderer/TextureStage.hpp;third_party/swiftshader/src/Renderer/Triangle.hpp;third_party/swiftshader/src/Renderer/Vector.cpp;third_party/swiftshader/src/Renderer/Vector.hpp;third_party/swiftshader/src/Renderer/Vertex.hpp;third_party/swiftshader/src/Renderer/VertexProcessor.cpp;third_party/swiftshader/src/Renderer/VertexProcessor.hpp;third_party/swiftshader/src/Shader/Constants.cpp;third_party/swiftshader/src/Shader/Constants.hpp;third_party/swiftshader/src/Shader/PixelPipeline.cpp;third_party/swiftshader/src/Shader/PixelPipeline.hpp;third_party/swiftshader/src/Shader/PixelProgram.cpp;third_party/swiftshader/src/Shader/PixelProgram.hpp;third_party/swiftshader/src/Shader/PixelRoutine.cpp;third_party/swiftshader/src/Shader/PixelRoutine.hpp;third_party/swiftshader/src/Shader/PixelShader.cpp;third_party/swiftshader/src/Shader/PixelShader.hpp;third_party/swiftshader/src/Shader/SamplerCore.cpp;third_party/swiftshader/src/Shader/SamplerCore.hpp;third_party/swiftshader/src/Shader/SetupRoutine.cpp;third_party/swiftshader/src/Shader/SetupRoutine.hpp;third_party/swiftshader/src/Shader/Shader.cpp;third_party/swiftshader/src/Shader/Shader.hpp;third_party/swiftshader/src/Shader/ShaderCore.cpp;third_party/swiftshader/src/Shader/ShaderCore.hpp;third_party/swiftshader/src/Shader/VertexPipeline.cpp;third_party/swiftshader/src/Shader/VertexPipeline.hpp;third_party/swiftshader/src/Shader/VertexProgram.cpp;third_party/swiftshader/src/Shader/VertexProgram.hpp;third_party/swiftshader/src/Shader/VertexRoutine.cpp;third_party/swiftshader/src/Shader/VertexRoutine.hpp;third_party/swiftshader/src/Shader/VertexShader.cpp;third_party/swiftshader/src/Shader/VertexShader.hpp;third_party/swiftshader/src/SwiftShader.workspace;third_party/swiftshader/tests/regres/cov/import.go"
"0273-tp-swiftshader-fiber.patch","third_party/swiftshader/third_party/marl/src/osfiber_windows.h","third_party/swiftshader/third_party/marl/src/osfiber_windows.h"
"0274-tp-swiftshader-pthread.patch","third_party/swiftshader/third_party/marl/src/thread.cpp","third_party/swiftshader/third_party/marl/src/thread.cpp"
"0275-tp-swiftshader-swiftshader.patch","third_party/swiftshader/src/Reactor/LLVMReactor.cpp;third_party/swiftshader/src/Reactor/Reactor.hpp;third_party/swiftshader/src/Reactor/SubzeroReactor.cpp","third_party/swiftshader/src/Reactor/LLVMReactor.cpp;third_party/swiftshader/src/Reactor/Reactor.hpp;third_party/swiftshader/src/Reactor/SubzeroReactor.cpp"
"0276-tp-unrar-sandbox.patch","third_party/unrar/src/unicode.cpp","third_party/unrar/src/unicode.cpp"
"0277-tp-vulkan_memory_allocator-srwlock.patch","third_party/vulkan_memory_allocator/include/vk_mem_alloc.h","third_party/vulkan_memory_allocator/include/vk_mem_alloc.h"
"0278-tp-vulkan-loader-dcomp.patch","third_party/vulkan-loader/src/loader/vk_loader_platform.h","third_party/vulkan-loader/src/loader/vk_loader_platform.h"
"0279-tp-vulkan-loader-registry.patch","third_party/vulkan-loader/src/loader/loader_windows.c","third_party/vulkan-loader/src/loader/loader_windows.c"
"0280-tp-webrtc-com-1.patch","third_party/webrtc/modules/desktop_capture/desktop_capture_options.h;third_party/webrtc/modules/desktop_capture/win/wgc_capture_session.cc","third_party/webrtc/modules/desktop_capture/desktop_capture_options.h;third_party/webrtc/modules/desktop_capture/win/wgc_capture_session.cc"
"0281-tp-webrtc-com-2.patch","third_party/webrtc/rtc_base/async_dns_resolver.cc","third_party/webrtc/rtc_base/async_dns_resolver.cc"
"0282-tp-webrtc-com-3.patch","third_party/webrtc/modules/desktop_capture/win/screen_capture_utils.cc","third_party/webrtc/modules/desktop_capture/win/screen_capture_utils.cc"
"0283-tp-webrtc-com.patch","third_party/webrtc/modules/desktop_capture/win/d3d_device.cc","third_party/webrtc/modules/desktop_capture/win/d3d_device.cc"
"0284-tp-webrtc-dpi-scale-1.patch","third_party/webrtc/modules/desktop_capture/win/dxgi_output_duplicator.cc;third_party/webrtc/modules/desktop_capture/win/wgc_capture_session.cc","third_party/webrtc/modules/desktop_capture/win/dxgi_output_duplicator.cc;third_party/webrtc/modules/desktop_capture/win/wgc_capture_session.cc"
"0285-tp-webrtc-dpi-scale.patch","third_party/webrtc/modules/desktop_capture/win/wgc_capture_session.cc","third_party/webrtc/modules/desktop_capture/win/wgc_capture_session.cc"
"0286-tp-webrtc-webrtc-1.patch","third_party/webrtc/modules/desktop_capture/win/full_screen_win_application_handler.cc","third_party/webrtc/modules/desktop_capture/win/full_screen_win_application_handler.cc"
"0287-tp-webrtc-webrtc.patch","third_party/webrtc/rtc_base/task_queue_win.cc","third_party/webrtc/rtc_base/task_queue_win.cc"
"0288-tp-xnnpack-dcomp.patch","third_party/xnnpack/src/src/xnnpack/init-once.h","third_party/xnnpack/src/src/xnnpack/init-once.h"
"0289-tp-zlib-dcomp.patch","third_party/zlib/cpu_features.c","third_party/zlib/cpu_features.c"
"0290-ui-accessibility-com.patch","ui/accessibility/platform/ax_platform_node_win.cc","ui/accessibility/platform/ax_platform_node_win.cc"
"0291-ui-accessibility-registry.patch","ui/accessibility/platform/ax_platform_node_win.cc;ui/accessibility/platform/inspect/ax_inspect_test_helper.cc;ui/aura/native_window_occlusion_tracker_win.cc;ui/base/ime/init/input_method_factory.cc;ui/base/ime/win/input_method_win_base.cc;ui/base/ime/win/on_screen_keyboard_display_manager_tab_tip.cc;ui/base/ime/win/on_screen_keyboard_display_manager_unittest.cc;ui/base/ime/win/tsf_input_scope.cc;ui/base/ime/win/tsf_input_scope_unittest.cc;ui/base/pointer/touch_ui_controller.cc;ui/base/win/lock_state.cc","ui/accessibility/platform/ax_platform_node_win.cc;ui/accessibility/platform/inspect/ax_inspect_test_helper.cc;ui/aura/native_window_occlusion_tracker_win.cc;ui/base/ime/init/input_method_factory.cc;ui/base/ime/win/input_method_win_base.cc;ui/base/ime/win/on_screen_keyboard_display_manager_tab_tip.cc;ui/base/ime/win/on_screen_keyboard_display_manager_unittest.cc;ui/base/ime/win/tsf_input_scope.cc;ui/base/ime/win/tsf_input_scope_unittest.cc;ui/base/pointer/touch_ui_controller.cc;ui/base/win/lock_state.cc"
"0292-ui-base-1.patch","ui/base/ime/win/tsf_input_scope.cc","ui/base/ime/win/tsf_input_scope.cc"
"0293-ui-base-com-1.patch","ui/base/ime/win/tsf_input_scope.cc;ui/base/ime/win/tsf_input_scope.h","ui/base/ime/win/tsf_input_scope.cc;ui/base/ime/win/tsf_input_scope.h"
"0294-ui-base-com.patch","ui/base/win/shell.cc;ui/base/win/shell.h;ui/views/win/hwnd_message_handler.cc;ui/views/win/hwnd_message_handler.h","ui/base/win/shell.cc;ui/base/win/shell.h;ui/views/win/hwnd_message_handler.cc;ui/views/win/hwnd_message_handler.h"
"0295-ui-base-dcomp-1.patch","ui/base/BUILD.gn;ui/base/ime/init/input_method_factory.cc;ui/base/ime/win/BUILD.gn;ui/base/ime/win/input_method_win_base.h;ui/base/ime/win/tsf_bridge.cc;ui/base/ui_base_features.cc;ui/base/ui_base_features.h","ui/base/BUILD.gn;ui/base/ime/init/input_method_factory.cc;ui/base/ime/win/BUILD.gn;ui/base/ime/win/imm32_manager.cc;ui/base/ime/win/imm32_manager.h;ui/base/ime/win/imm32_manager_unittest.cc;ui/base/ime/win/input_method_win_base.h;ui/base/ime/win/input_method_win_imm32.cc;ui/base/ime/win/input_method_win_imm32.h;ui/base/ime/win/tsf_bridge.cc;ui/base/ui_base_features.cc;ui/base/ui_base_features.h"
"0296-ui-base-dcomp.patch","ui/base/ime/win/tsf_text_store.cc","ui/base/ime/win/tsf_text_store.cc"
"0297-ui-base-etw.patch","ui/base/ime/win/tsf_input_scope.cc;ui/base/l10n/l10n_util.cc;ui/base/l10n/l10n_util_win.cc;ui/base/webui/web_ui_util.cc;ui/gfx/animation/animation_win.cc;ui/strings/app_locale_settings.grd","ui/base/ime/win/tsf_input_scope.cc;ui/base/l10n/l10n_util.cc;ui/base/l10n/l10n_util_win.cc;ui/base/webui/web_ui_util.cc;ui/gfx/animation/animation_win.cc;ui/strings/app_locale_settings.grd"
"0298-ui-base.patch","ui/base/fullscreen_win.cc","ui/base/fullscreen_win.cc"
"0299-ui-color-dwrite.patch","ui/color/win/accent_color_observer.cc;ui/display/win/uwp_text_scale_factor.cc;ui/gfx/font_fallback_unittest.cc;ui/gfx/render_text.cc;ui/gfx/test/font_fallback_test_data.cc;ui/gfx/test/font_fallback_test_data.h;ui/gfx/win/direct_write.cc;ui/gl/direct_composition_support.cc;ui/native_theme/caption_style_win.cc;ui/shell_dialogs/select_file_dialog_win_unittest.cc;ui/snapshot/snapshot_win.cc","ui/color/win/accent_color_observer.cc;ui/display/win/uwp_text_scale_factor.cc;ui/gfx/font_fallback_unittest.cc;ui/gfx/render_text.cc;ui/gfx/test/font_fallback_test_data.cc;ui/gfx/test/font_fallback_test_data.h;ui/gfx/win/direct_write.cc;ui/gl/direct_composition_support.cc;ui/native_theme/caption_style_win.cc;ui/shell_dialogs/select_file_dialog_win_unittest.cc;ui/snapshot/snapshot_win.cc"
"0300-ui-display.patch","ui/display/win/display_config_helper.cc","ui/display/win/display_config_helper.cc"
"0301-ui-gfx-dwrite.patch","ui/gfx/BUILD.gn;ui/gfx/platform_font_skia.cc","ui/gfx/BUILD.gn;ui/gfx/platform_font_skia.cc;ui/gfx/platform_font_win.cc;ui/gfx/platform_font_win.h"
"0302-ui-gfx-font-1.patch","ui/gfx/canvas.cc","ui/gfx/canvas.cc"
"0303-ui-gfx-font.patch","ui/gfx/system_fonts_win.cc","ui/gfx/system_fonts_win.cc"
"0304-ui-gfx-registry.patch","ui/gfx/win/physical_size.cc","ui/gfx/win/physical_size.cc"
"0305-ui-gl-com-1.patch","ui/gl/gl_features.cc","ui/gl/gl_features.cc"
"0306-ui-gl-com.patch","ui/gl/gl_context_egl.cc","ui/gl/gl_context_egl.cc"
"0307-ui-shell_dialogs-etw.patch","ui/shell_dialogs/execute_select_file_win.cc","ui/shell_dialogs/execute_select_file_win.cc"
"0308-ui-views-com.patch","ui/views/win/hwnd_message_handler.h","ui/views/win/hwnd_message_handler.h"
"0309-ui-views-etw-1.patch","ui/views/BUILD.gn;ui/views/widget/desktop_aura/desktop_window_tree_host_win.cc;ui/views/widget/desktop_aura/desktop_window_tree_host_win.h;ui/views/win/hwnd_message_handler.cc;ui/views/win/hwnd_message_handler.h;ui/views/win/hwnd_message_handler_delegate.h","ui/views/BUILD.gn;ui/views/corewm/cursor_height_provider_win.cc;ui/views/corewm/cursor_height_provider_win.h;ui/views/corewm/tooltip_win.cc;ui/views/corewm/tooltip_win.h;ui/views/widget/desktop_aura/desktop_window_tree_host_win.cc;ui/views/widget/desktop_aura/desktop_window_tree_host_win.h;ui/views/win/hwnd_message_handler.cc;ui/views/win/hwnd_message_handler.h;ui/views/win/hwnd_message_handler_delegate.h"
"0310-ui-views-etw-2.patch","ui/views/win/hwnd_message_handler.cc","ui/views/win/hwnd_message_handler.cc"
"0311-ui-views-etw.patch","ui/views/widget/desktop_aura/desktop_window_tree_host_win.cc","ui/views/widget/desktop_aura/desktop_window_tree_host_win.cc"
"0312-v8-gni-etw.patch","v8/gni/v8.gni;v8/src/api/api.cc","v8/gni/v8.gni;v8/src/api/api.cc"
"0313-v8-src-1.patch","v8/src/base/platform/time.cc","v8/src/base/platform/time.cc"
"0314-v8-src.patch","v8/src/base/platform/platform-win32.cc","v8/src/base/platform/platform-win32.cc"
